2023-05-15 08:00:00.033 [WARN] Service Control Manager: The Themes service failed to start due to file not found.
2023-05-15 08:00:00.137 [INFO] Security: Successful login for user user01 from workstation LAPTOP-XYZ ip=192.168.187.118.
2023-05-15 08:00:00.216 [WARN] Power-Troubleshooter: The system has resumed from sleep after 251 seconds.
2023-05-15 08:00:00.369 [INFO] Security: Successful login for user SYSTEM from workstation WS-003 ip=192.168.217.89.
2023-05-15 08:00:00.412 [INFO] Security: Successful login for user user02 from workstation DESKTOP-A1B2 ip=192.168.24.98.
2023-05-15 08:00:00.507 [INFO] Windows Defender Antivirus: Scan {fd2662e9-d0e9} started on C:\\Users\\Admin.
2023-05-15 08:00:00.609 [ERROR] Security: Audit failure for object \\\\share\\file.txt by user LOCAL SERVICE sid=S-1-5-21-590941149-439492674-19736572-1152.
2023-05-15 08:00:00.706 [ERROR] Disk: The device, \Device\Harddisk1\DR1, has a bad block.
2023-05-15 08:00:00.813 [INFO] Windows Defender Antivirus: Scan {1b49452d-10e8} finished. 17246 files scanned, 5 threats found.
2023-05-15 08:00:00.942 [WARN] Service Control Manager: The WSearch service failed to start due to dependency failure.
2023-05-15 08:00:01.085 [INFO] Application: svchost.exe started process id=96491 command line=/background.
2023-05-15 08:00:01.110 [WARN] TCP/IP: A duplicate IP address 192.168.142.76 was detected on the network.
2023-05-15 08:00:01.215 [WARN] Disk: Disk 3 has been surprise removed.
2023-05-15 08:00:01.388 [ERROR] Application Error: Faulting application name: notepad.exe, version: 9.7.1.4681, time stamp: 0x4c07c574
2023-05-15 08:00:01.485 [INFO] Security: Successful login for user user01 from workstation DESKTOP-A1B2 ip=192.168.246.196.
2023-05-15 08:00:01.583 [WARN] Windows Defender Antivirus: Real-time protection encountered error 0x829EF9D1 for file C:\\Windows\\System32.
2023-05-15 08:00:01.676 [INFO] Windows Defender Antivirus: Scan {43094d35-e6d7} started on C:\\Windows\\System32.
2023-05-15 08:00:01.785 [INFO] EventLog: The User32 service reported: operation completed.
2023-05-15 08:00:01.851 [WARN] Windows Defender Antivirus: Real-time protection encountered error 0x8F3C279D for file C:\\Program Files\\App.
2023-05-15 08:00:01.901 [INFO] System: Driver tcpip.sys loaded successfully.
2023-05-15 08:00:02.097 [ERROR] Disk: The device, \Device\Harddisk0\DR0, has a bad block.
2023-05-15 08:00:02.190 [WARN] Power-Troubleshooter: The system has resumed from sleep after 123 seconds.
2023-05-15 08:00:02.232 [WARN] Disk: Disk 2 has been surprise removed.
2023-05-15 08:00:02.370 [INFO] Service Control Manager: The BITS service entered the stopped state.
2023-05-15 08:00:02.470 [INFO] Windows Defender Antivirus: Scan {60843242-509d} started on C:\\Program Files\\App.
2023-05-15 08:00:02.574 [WARN] Power-Troubleshooter: The system has resumed from sleep after 98 seconds.
2023-05-15 08:00:02.683 [ERROR] Application Hang: outlook.exe stopped interacting with Windows and was closed. Process id=6720
2023-05-15 08:00:02.745 [INFO] Security: Successful login for user guest from workstation WS-003 ip=192.168.75.253.
2023-05-15 08:00:02.881 [WARN] Service Control Manager: The WSearch service failed to start due to invalid parameter.
2023-05-15 08:00:02.956 [WARN] Power-Troubleshooter: The system has resumed from sleep after 147 seconds.
2023-05-15 08:00:03.068 [INFO] Windows Defender Antivirus: Scan {2712fb16-f8dd} started on C:\\Program Files\\App.
2023-05-15 08:00:03.185 [INFO] EventLog: The User32 service reported: operation completed.
2023-05-15 08:00:03.216 [ERROR] Disk: The device, \Device\Harddisk2\DR2, has a bad block.
2023-05-15 08:00:03.308 [ERROR] Service Control Manager: The DHCP Client service terminated unexpectedly with error 0x80814755.
2023-05-15 08:00:03.437 [ERROR] Application Hang: notepad.exe stopped interacting with Windows and was closed. Process id=65260
2023-05-15 08:00:03.571 [ERROR] Application Error: Faulting application name: notepad.exe, version: 12.2.7.1099, time stamp: 0x275a81ec
2023-05-15 08:00:03.644 [ERROR] Disk: The device, \Device\Harddisk0\DR0, has a bad block.
2023-05-15 08:00:03.734 [INFO] Service Control Manager: The Spooler service entered the stopped state.
2023-05-15 08:00:03.805 [INFO] Firewall: Allowed connection for outlook.exe on port 19833 from 192.168.71.63.
2023-05-15 08:00:03.981 [WARN] Power-Troubleshooter: The system has resumed from sleep after 224 seconds.
2023-05-15 08:00:04.059 [INFO] EventLog: The Kernel-Power service reported: configuration changed.
2023-05-15 08:00:04.167 [ERROR] Application Error: Faulting application name: notepad.exe, version: 17.2.0.7381, time stamp: 0x2a7f195b
2023-05-15 08:00:04.285 [ERROR] Security: Audit failure for object \\\\share\\file.txt by user guest sid=S-1-5-21-238460786-738920648-21370793-6072.
2023-05-15 08:00:04.378 [ERROR] Security: Audit failure for object \\\\share\\file.txt by user user02 sid=S-1-5-21-874364348-569948247-15864298-7731.
2023-05-15 08:00:04.411 [WARN] Disk: Disk 2 has been surprise removed.
2023-05-15 08:00:04.554 [INFO] System: Driver tcpip.sys loaded successfully.
2023-05-15 08:00:04.664 [INFO] EventLog: The LSASRV service reported: state transition.
2023-05-15 08:00:04.737 [ERROR] Security: Audit failure for object C:\\secret.doc by user NETWORK SERVICE sid=S-1-5-21-846668526-613818935-94790150-3986.
2023-05-15 08:00:04.855 [INFO] Firewall: Allowed connection for chrome.exe on port 56820 from 192.168.163.214.
2023-05-15 08:00:04.999 [ERROR] Network: Name resolution for example.com failed with error 0x851E9C79.
2023-05-15 08:00:05.015 [WARN] Service Control Manager: The Themes service failed to start due to file not found.
2023-05-15 08:00:05.191 [INFO] Security: Successful login for user NETWORK SERVICE from workstation WS-001 ip=192.168.142.76.
2023-05-15 08:00:05.281 [ERROR] Application Hang: msedge.exe stopped interacting with Windows and was closed. Process id=17912
2023-05-15 08:00:05.388 [ERROR] Disk: The device, \Device\Harddisk2\DR2, has a bad block.
2023-05-15 08:00:05.492 [INFO] Windows Defender Antivirus: Scan {7a662fce-8bf7} started on D:\\Data.
2023-05-15 08:00:05.572 [WARN] TCP/IP: A duplicate IP address 192.168.138.32 was detected on the network.
2023-05-15 08:00:05.617 [ERROR] Disk: The device, \Device\Harddisk1\DR1, has a bad block.
2023-05-15 08:00:05.773 [WARN] TCP/IP: A duplicate IP address 192.168.2.195 was detected on the network.
2023-05-15 08:00:05.871 [INFO] EventLog: The Kernel-Power service reported: state transition.
2023-05-15 08:00:05.934 [WARN] Disk: Disk 3 has been surprise removed.
2023-05-15 08:00:06.004 [ERROR] Disk: The device, \Device\Harddisk3\DR3, has a bad block.
2023-05-15 08:00:06.151 [WARN] Windows Defender Antivirus: Real-time protection encountered error 0x85F557C1 for file C:\\Program Files\\App.
2023-05-15 08:00:06.278 [WARN] Power-Troubleshooter: The system has resumed from sleep after 185 seconds.
2023-05-15 08:00:06.387 [INFO] System: Driver netio.sys loaded successfully.
2023-05-15 08:00:06.498 [INFO] Firewall: Allowed connection for msedge.exe on port 1506 from 192.168.58.36.
2023-05-15 08:00:06.584 [INFO] Security: Successful login for user NETWORK SERVICE from workstation WS-003 ip=192.168.23.152.
2023-05-15 08:00:06.675 [WARN] Power-Troubleshooter: The system has resumed from sleep after 296 seconds.
2023-05-15 08:00:06.747 [INFO] Network: Interface {36332018-0000-0000-0000-705f4cc57e0d} connected. IP=192.168.24.98 gateway=192.168.1.1.
2023-05-15 08:00:06.865 [INFO] Windows Defender Antivirus: Scan {54b9e602-708e} finished. 9639 files scanned, 1 threats found.
2023-05-15 08:00:06.921 [ERROR] Application Hang: outlook.exe stopped interacting with Windows and was closed. Process id=73523
2023-05-15 08:00:07.092 [WARN] Service Control Manager: The Spooler service failed to start due to timeout.
2023-05-15 08:00:07.160 [INFO] Application: explorer.exe started process id=11357 command line=/background.
2023-05-15 08:00:07.272 [INFO] Windows Defender Antivirus: Scan {252aeaec-8ff6} started on D:\\Data.
2023-05-15 08:00:07.391 [WARN] Windows Defender Antivirus: Real-time protection encountered error 0x8C037F79 for file C:\\Users\\Admin.
2023-05-15 08:00:07.449 [INFO] Windows Defender Antivirus: Scan {377b0667-7147} finished. 97048 files scanned, 3 threats found.
2023-05-15 08:00:07.556 [INFO] Windows Defender Antivirus: Scan {95671b58-3b69} finished. 22316 files scanned, 1 threats found.
2023-05-15 08:00:07.637 [WARN] TCP/IP: A duplicate IP address 192.168.87.27 was detected on the network.
2023-05-15 08:00:07.742 [INFO] Windows Defender Antivirus: Scan {33a13e20-b222} finished. 31822 files scanned, 2 threats found.
2023-05-15 08:00:07.860 [WARN] Power-Troubleshooter: The system has resumed from sleep after 54 seconds.
2023-05-15 08:00:07.957 [INFO] EventLog: The Kernel-General service reported: operation completed.
2023-05-15 08:00:08.039 [ERROR] Service Control Manager: The WSearch service terminated unexpectedly with error 0x8EA6CB3D.
2023-05-15 08:00:08.163 [INFO] EventLog: The Kernel-Power service reported: state transition.
2023-05-15 08:00:08.283 [WARN] Power-Troubleshooter: The system has resumed from sleep after 294 seconds.
2023-05-15 08:00:08.396 [INFO] System: Driver netio.sys loaded successfully.
2023-05-15 08:00:08.493 [WARN] Power-Troubleshooter: The system has resumed from sleep after 193 seconds.
2023-05-15 08:00:08.583 [INFO] Windows Defender Antivirus: Scan {e9a09007-2036} finished. 28651 files scanned, 3 threats found.
2023-05-15 08:00:08.617 [WARN] Service Control Manager: The DNS Client service failed to start due to access denied.
2023-05-15 08:00:08.776 [WARN] Windows Defender Antivirus: Real-time protection encountered error 0x8A1069FD for file C:\\Windows\\System32.
2023-05-15 08:00:08.801 [ERROR] Network: Name resolution for example.com failed with error 0x8D77B6CD.
2023-05-15 08:00:08.914 [INFO] Application: outlook.exe started process id=41620 command line=-start.
2023-05-15 08:00:09.007 [ERROR] Application Error: Faulting application name: explorer.exe, version: 11.6.4.8582, time stamp: 0x2059ea28
2023-05-15 08:00:09.164 [ERROR] Application Hang: outlook.exe stopped interacting with Windows and was closed. Process id=48707
2023-05-15 08:00:09.288 [INFO] Windows Defender Antivirus: Scan {dde918b3-9409} started on C:\\Windows\\System32.
2023-05-15 08:00:09.337 [INFO] Service Control Manager: The Themes service entered the running state.
2023-05-15 08:00:09.489 [INFO] Application: outlook.exe started process id=59925 command line=.
2023-05-15 08:00:09.509 [ERROR] Network: Name resolution for example.com failed with error 0x871CFC03.
2023-05-15 08:00:09.661 [INFO] Service Control Manager: The BITS service entered the stopped state.
2023-05-15 08:00:09.774 [INFO] Windows Defender Antivirus: Scan {720d4a1f-3321} started on D:\\Data.
2023-05-15 08:00:09.877 [INFO] System: Driver tcpip.sys loaded successfully.
2023-05-15 08:00:09.978 [INFO] System: Driver netio.sys loaded successfully.
2023-05-15 08:00:10.031 [WARN] Service Control Manager: The DHCP Client service failed to start due to access denied.
2023-05-15 08:00:10.111 [INFO] Windows Defender Antivirus: Scan {d97a24ad-2ba8} finished. 6410 files scanned, 3 threats found.
2023-05-15 08:00:10.280 [WARN] TCP/IP: A duplicate IP address 192.168.51.184 was detected on the network.
2023-05-15 08:00:10.396 [ERROR] Network: Name resolution for update.microsoft.com failed with error 0x886CEBAB.
2023-05-15 08:00:10.405 [INFO] EventLog: The Kernel-Power service reported: operation completed.
2023-05-15 08:00:10.583 [WARN] Power-Troubleshooter: The system has resumed from sleep after 213 seconds.
2023-05-15 08:00:10.682 [ERROR] Application Hang: notepad.exe stopped interacting with Windows and was closed. Process id=49816
2023-05-15 08:00:10.781 [INFO] Windows Defender Antivirus: Scan {461db014-f9d6} finished. 97217 files scanned, 3 threats found.
2023-05-15 08:00:10.801 [INFO] EventLog: The LSASRV service reported: configuration changed.
2023-05-15 08:00:10.930 [INFO] System: Driver disk.sys loaded successfully.
2023-05-15 08:00:11.011 [INFO] Windows Defender Antivirus: Scan {be46024d-33d2} started on C:\\Windows\\System32.
2023-05-15 08:00:11.118 [INFO] System: Driver volmgr.sys loaded successfully.
2023-05-15 08:00:11.293 [WARN] TCP/IP: A duplicate IP address 192.168.51.184 was detected on the network.
2023-05-15 08:00:11.364 [INFO] System: Driver volmgr.sys loaded successfully.
2023-05-15 08:00:11.417 [INFO] Network: Interface {2bad52a8-0000-0000-0000-e60ba750350e} connected. IP=192.168.59.198 gateway=192.168.1.1.
2023-05-15 08:00:11.565 [WARN] Power-Troubleshooter: The system has resumed from sleep after 281 seconds.
2023-05-15 08:00:11.658 [INFO] Windows Defender Antivirus: Scan {b4f34185-4b2d} finished. 38900 files scanned, 2 threats found.
2023-05-15 08:00:11.795 [INFO] Application: notepad.exe started process id=50774 command line=/background.
2023-05-15 08:00:11.856 [ERROR] Service Control Manager: The DHCP Client service terminated unexpectedly with error 0x88E6A9C9.
2023-05-15 08:00:11.912 [ERROR] Service Control Manager: The WinDefend service terminated unexpectedly with error 0x8E8AEFA8.
2023-05-15 08:00:12.075 [INFO] System: Driver disk.sys loaded successfully.
2023-05-15 08:00:12.189 [ERROR] Security: Audit failure for object \\\\share\\file.txt by user LOCAL SERVICE sid=S-1-5-21-586239368-964144020-27900864-3263.
2023-05-15 08:00:12.206 [ERROR] Disk: The device, \Device\Harddisk2\DR2, has a bad block.
2023-05-15 08:00:12.379 [INFO] Windows Defender Antivirus: Scan {d00c200c-d918} started on C:\\Users\\Admin.
2023-05-15 08:00:12.445 [ERROR] Application Error: Faulting application name: notepad.exe, version: 19.4.0.5415, time stamp: 0x87617d80
2023-05-15 08:00:12.566 [INFO] Windows Defender Antivirus: Scan {484f6e3b-3f12} finished. 66309 files scanned, 1 threats found.
2023-05-15 08:00:12.671 [WARN] Service Control Manager: The WinDefend service failed to start due to dependency failure.
2023-05-15 08:00:12.720 [INFO] Windows Defender Antivirus: Scan {785a9f2b-7356} finished. 82703 files scanned, 3 threats found.
2023-05-15 08:00:12.872 [ERROR] Disk: The device, \Device\Harddisk2\DR2, has a bad block.
2023-05-15 08:00:12.991 [INFO] Windows Defender Antivirus: Scan {22b99a50-5a68} started on C:\\Windows\\System32.
2023-05-15 08:00:13.083 [WARN] Power-Troubleshooter: The system has resumed from sleep after 40 seconds.
2023-05-15 08:00:13.105 [INFO] Security: Successful login for user SYSTEM from workstation WS-003 ip=192.168.138.32.
2023-05-15 08:00:13.200 [INFO] Firewall: Allowed connection for explorer.exe on port 38001 from 192.168.181.18.
2023-05-15 08:00:13.373 [ERROR] Security: Audit failure for object C:\\secret.doc by user user01 sid=S-1-5-21-124101254-361639001-15790734-3095.
2023-05-15 08:00:13.464 [INFO] Security: Successful login for user NETWORK SERVICE from workstation WS-003 ip=192.168.174.190.
2023-05-15 08:00:13.598 [WARN] Power-Troubleshooter: The system has resumed from sleep after 23 seconds.
2023-05-15 08:00:13.671 [INFO] System: Driver tcpip.sys loaded successfully.
2023-05-15 08:00:13.755 [ERROR] Application Hang: chrome.exe stopped interacting with Windows and was closed. Process id=59536
2023-05-15 08:00:13.811 [INFO] Windows Defender Antivirus: Scan {48c5ef5e-6eef} finished. 79926 files scanned, 0 threats found.
2023-05-15 08:00:13.932 [INFO] Application: svchost.exe started process id=37242 command line=--service.
2023-05-15 08:00:14.060 [ERROR] Disk: The device, \Device\Harddisk2\DR2, has a bad block.
2023-05-15 08:00:14.123 [WARN] TCP/IP: A duplicate IP address 192.168.140.108 was detected on the network.
2023-05-15 08:00:14.278 [ERROR] Security: Audit failure for object C:\\secret.doc by user LOCAL SERVICE sid=S-1-5-21-488267537-757965465-44856447-4066.
2023-05-15 08:00:14.366 [WARN] TCP/IP: A duplicate IP address 192.168.151.72 was detected on the network.
2023-05-15 08:00:14.486 [ERROR] Disk: The device, \Device\Harddisk2\DR2, has a bad block.
2023-05-15 08:00:14.575 [ERROR] Security: Audit failure for object HKLM\\Software\\App by user guest sid=S-1-5-21-862822145-387196293-91253395-7479.
2023-05-15 08:00:14.680 [ERROR] Security: Audit failure for object C:\\secret.doc by user NETWORK SERVICE sid=S-1-5-21-190528528-803121225-62324272-6068.
2023-05-15 08:00:14.733 [INFO] Security: Successful login for user guest from workstation DESKTOP-A1B2 ip=192.168.155.68.
2023-05-15 08:00:14.897 [INFO] Security: Successful login for user NETWORK SERVICE from workstation DESKTOP-A1B2 ip=192.168.163.214.
2023-05-15 08:00:14.901 [ERROR] Network: Name resolution for example.com failed with error 0x8345D30C.
2023-05-15 08:00:15.039 [ERROR] Application Hang: svchost.exe stopped interacting with Windows and was closed. Process id=26191
2023-05-15 08:00:15.111 [WARN] TCP/IP: A duplicate IP address 192.168.59.198 was detected on the network.
2023-05-15 08:00:15.293 [ERROR] Network: Name resolution for ad.corp.local failed with error 0x896E4D4F.
2023-05-15 08:00:15.312 [ERROR] Application Error: Faulting application name: svchost.exe, version: 3.8.6.3110, time stamp: 0x96296fbe
2023-05-15 08:00:15.453 [ERROR] Security: Audit failure for object HKLM\\Software\\App by user user01 sid=S-1-5-21-804105516-627642633-20731620-8668.
2023-05-15 08:00:15.564 [WARN] Service Control Manager: The Windows Update service failed to start due to invalid parameter.
2023-05-15 08:00:15.602 [WARN] TCP/IP: A duplicate IP address 192.168.26.98 was detected on the network.
2023-05-15 08:00:15.755 [INFO] Application: svchost.exe started process id=29499 command line=-start.
2023-05-15 08:00:15.873 [WARN] Power-Troubleshooter: The system has resumed from sleep after 229 seconds.
2023-05-15 08:00:15.903 [INFO] Windows Defender Antivirus: Scan {25c7bc83-7605} started on D:\\Data.
2023-05-15 08:00:16.033 [WARN] Disk: Disk 2 has been surprise removed.
2023-05-15 08:00:16.111 [ERROR] Disk: The device, \Device\Harddisk0\DR0, has a bad block.
2023-05-15 08:00:16.293 [INFO] Network: Interface {ce9063fb-0000-0000-0000-14b428317f0d} connected. IP=192.168.87.27 gateway=192.168.0.1.
2023-05-15 08:00:16.356 [WARN] Windows Defender Antivirus: Real-time protection encountered error 0x83C9D426 for file C:\\Users\\Admin.
2023-05-15 08:00:16.497 [INFO] Application: msedge.exe started process id=11417 command line=.
2023-05-15 08:00:16.550 [INFO] Service Control Manager: The DNS Client service entered the start pending state.
2023-05-15 08:00:16.691 [INFO] Windows Defender Antivirus: Scan {d3e1847c-b172} started on C:\\Windows\\System32.
2023-05-15 08:00:16.798 [INFO] Firewall: Allowed connection for notepad.exe on port 47716 from 192.168.181.18.
2023-05-15 08:00:16.883 [ERROR] Application Error: Faulting application name: svchost.exe, version: 14.7.1.9850, time stamp: 0xa9a04abb
2023-05-15 08:00:16.915 [WARN] Service Control Manager: The Windows Update service failed to start due to file not found.
2023-05-15 08:00:17.090 [INFO] Application: msedge.exe started process id=56974 command line=/background.
2023-05-15 08:00:17.103 [WARN] Disk: Disk 2 has been surprise removed.
2023-05-15 08:00:17.223 [INFO] Network: Interface {f55b93ad-0000-0000-0000-866455c9bf0f} connected. IP=192.168.97.21 gateway=192.168.0.1.
2023-05-15 08:00:17.399 [ERROR] Network: Name resolution for ntp.pool.org failed with error 0x8F71FA13.
2023-05-15 08:00:17.440 [WARN] TCP/IP: A duplicate IP address 192.168.23.152 was detected on the network.
2023-05-15 08:00:17.554 [ERROR] Application Error: Faulting application name: msedge.exe, version: 10.9.5.8856, time stamp: 0x8192e443
2023-05-15 08:00:17.685 [WARN] Windows Defender Antivirus: Real-time protection encountered error 0x876A09FB for file D:\\Data.
2023-05-15 08:00:17.743 [WARN] TCP/IP: A duplicate IP address 192.168.208.223 was detected on the network.
2023-05-15 08:00:17.827 [INFO] Firewall: Allowed connection for chrome.exe on port 38888 from 192.168.72.117.
2023-05-15 08:00:17.914 [INFO] Security: Successful login for user user01 from workstation WS-002 ip=192.168.75.253.
2023-05-15 08:00:18.053 [WARN] Disk: Disk 3 has been surprise removed.
2023-05-15 08:00:18.166 [ERROR] Application Error: Faulting application name: msedge.exe, version: 2.9.7.6038, time stamp: 0x2cf8570b
2023-05-15 08:00:18.221 [ERROR] Network: Name resolution for example.com failed with error 0x89BAF2C5.
2023-05-15 08:00:18.319 [ERROR] Service Control Manager: The Windows Update service terminated unexpectedly with error 0x878EEAAB.
2023-05-15 08:00:18.440 [ERROR] Application Hang: chrome.exe stopped interacting with Windows and was closed. Process id=53264
2023-05-15 08:00:18.528 [ERROR] Security: Audit failure for object \\\\share\\file.txt by user user02 sid=S-1-5-21-112843471-541575005-23112905-9605.
2023-05-15 08:00:18.699 [WARN] Disk: Disk 1 has been surprise removed.
2023-05-15 08:00:18.785 [INFO] Windows Defender Antivirus: Scan {6528dc45-1f60} started on C:\\Program Files\\App.
2023-05-15 08:00:18.898 [WARN] Windows Defender Antivirus: Real-time protection encountered error 0x81C4279C for file D:\\Data.
2023-05-15 08:00:18.992 [WARN] Disk: Disk 0 has been surprise removed.
2023-05-15 08:00:19.028 [INFO] Windows Defender Antivirus: Scan {46308a60-de9e} started on D:\\Data.
2023-05-15 08:00:19.100 [INFO] Windows Defender Antivirus: Scan {665c1e3f-dfbf} finished. 42598 files scanned, 0 threats found.
2023-05-15 08:00:19.269 [INFO] Service Control Manager: The Spooler service entered the running state.
2023-05-15 08:00:19.365 [ERROR] Security: Audit failure for object C:\\secret.doc by user guest sid=S-1-5-21-146511793-212121299-17040602-9804.
2023-05-15 08:00:19.424 [INFO] EventLog: The User32 service reported: resource unavailable.
2023-05-15 08:00:19.531 [WARN] Service Control Manager: The DNS Client service failed to start due to file not found.
2023-05-15 08:00:19.661 [INFO] System: Driver ntfs.sys loaded successfully.
2023-05-15 08:00:19.714 [WARN] Disk: Disk 0 has been surprise removed.
2023-05-15 08:00:19.860 [WARN] Windows Defender Antivirus: Real-time protection encountered error 0x81BE22E5 for file C:\\Program Files\\App.
2023-05-15 08:00:19.902 [ERROR] Disk: The device, \Device\Harddisk1\DR1, has a bad block.
2023-05-15 08:00:20.030 [INFO] System: Driver tcpip.sys loaded successfully.
2023-05-15 08:00:20.137 [INFO] EventLog: The Kernel-Power service reported: resource unavailable.
2023-05-15 08:00:20.286 [ERROR] Service Control Manager: The Spooler service terminated unexpectedly with error 0x871BCD6D.
2023-05-15 08:00:20.367 [INFO] Windows Defender Antivirus: Scan {8d8f2350-6158} finished. 87494 files scanned, 2 threats found.
2023-05-15 08:00:20.483 [WARN] TCP/IP: A duplicate IP address 192.168.155.68 was detected on the network.
2023-05-15 08:00:20.546 [WARN] Disk: Disk 0 has been surprise removed.
2023-05-15 08:00:20.624 [WARN] Power-Troubleshooter: The system has resumed from sleep after 7 seconds.
2023-05-15 08:00:20.761 [ERROR] Disk: The device, \Device\Harddisk0\DR0, has a bad block.
2023-05-15 08:00:20.801 [WARN] Power-Troubleshooter: The system has resumed from sleep after 15 seconds.
2023-05-15 08:00:20.914 [ERROR] Security: Audit failure for object C:\\secret.doc by user user02 sid=S-1-5-21-632378393-918485133-58486215-5723.
2023-05-15 08:00:21.043 [WARN] Windows Defender Antivirus: Real-time protection encountered error 0x8CA24BA5 for file C:\\Program Files\\App.
2023-05-15 08:00:21.148 [INFO] Firewall: Allowed connection for notepad.exe on port 33596 from 192.168.88.72.
2023-05-15 08:00:21.221 [ERROR] Network: Name resolution for ad.corp.local failed with error 0x8C0AF2F9.
2023-05-15 08:00:21.374 [ERROR] Application Hang: svchost.exe stopped interacting with Windows and was closed. Process id=67412
2023-05-15 08:00:21.402 [INFO] Service Control Manager: The Themes service entered the start pending state.
2023-05-15 08:00:21.508 [WARN] TCP/IP: A duplicate IP address 192.168.163.214 was detected on the network.
2023-05-15 08:00:21.659 [ERROR] Service Control Manager: The WinDefend service terminated unexpectedly with error 0x8EF4154F.
2023-05-15 08:00:21.720 [INFO] Security: Successful login for user NETWORK SERVICE from workstation WS-002 ip=192.168.24.98.
2023-05-15 08:00:21.876 [INFO] Application: explorer.exe started process id=9333 command line=.
2023-05-15 08:00:21.902 [INFO] EventLog: The Kernel-Power service reported: state transition.
2023-05-15 08:00:22.062 [ERROR] Network: Name resolution for example.com failed with error 0x8E0B0670.
2023-05-15 08:00:22.157 [ERROR] Application Hang: explorer.exe stopped interacting with Windows and was closed. Process id=7828
2023-05-15 08:00:22.201 [ERROR] Application Hang: outlook.exe stopped interacting with Windows and was closed. Process id=74207
2023-05-15 08:00:22.382 [ERROR] Security: Audit failure for object HKLM\\Software\\App by user guest sid=S-1-5-21-381105036-352850765-92903638-8388.
2023-05-15 08:00:22.421 [ERROR] Application Error: Faulting application name: svchost.exe, version: 20.9.0.87, time stamp: 0x50efa857
2023-05-15 08:00:22.529 [ERROR] Security: Audit failure for object C:\\secret.doc by user user01 sid=S-1-5-21-919990226-262419285-84581396-8208.
2023-05-15 08:00:22.653 [INFO] Network: Interface {9f942977-0000-0000-0000-852f7c360908} connected. IP=192.168.60.222 gateway=192.168.0.1.
2023-05-15 08:00:22.777 [INFO] Windows Defender Antivirus: Scan {bd49e072-2824} finished. 3502 files scanned, 2 threats found.
2023-05-15 08:00:22.878 [WARN] Windows Defender Antivirus: Real-time protection encountered error 0x8FAAFDED for file C:\\Users\\Admin.
2023-05-15 08:00:22.912 [INFO] Network: Interface {b5b09024-0000-0000-0000-257f86514886} connected. IP=192.168.181.18 gateway=192.168.0.1.
2023-05-15 08:00:23.001 [ERROR] Application Error: Faulting application name: explorer.exe, version: 11.2.3.3032, time stamp: 0x240642a8
2023-05-15 08:00:23.121 [INFO] Network: Interface {266f419a-0000-0000-0000-32962005dd7e} connected. IP=192.168.2.195 gateway=192.168.1.1.
2023-05-15 08:00:23.270 [INFO] Security: Successful login for user LOCAL SERVICE from workstation DESKTOP-A1B2 ip=192.168.58.36.
2023-05-15 08:00:23.361 [INFO] Windows Defender Antivirus: Scan {f39eb7c2-892c} finished. 64952 files scanned, 4 threats found.
2023-05-15 08:00:23.488 [INFO] Security: Successful login for user user01 from workstation WS-002 ip=192.168.142.76.
2023-05-15 08:00:23.598 [ERROR] Security: Audit failure for object HKLM\\Software\\App by user guest sid=S-1-5-21-459282088-979567192-28491507-3014.
2023-05-15 08:00:23.698 [INFO] Service Control Manager: The DHCP Client service entered the start pending state.
2023-05-15 08:00:23.751 [INFO] Network: Interface {7b579789-0000-0000-0000-f2c266e9a80e} connected. IP=192.168.208.223 gateway=10.0.0.1.
2023-05-15 08:00:23.838 [INFO] Firewall: Allowed connection for msedge.exe on port 10567 from 192.168.138.32.
2023-05-15 08:00:23.975 [ERROR] Service Control Manager: The Windows Update service terminated unexpectedly with error 0x8D98AC0E.
2023-05-15 08:00:24.066 [ERROR] Disk: The device, \Device\Harddisk1\DR1, has a bad block.
2023-05-15 08:00:24.177 [INFO] Security: Successful login for user user01 from workstation LAPTOP-XYZ ip=192.168.24.98.
2023-05-15 08:00:24.296 [INFO] Security: Successful login for user admin from workstation LAPTOP-XYZ ip=192.168.59.198.
2023-05-15 08:00:24.318 [ERROR] Application Hang: explorer.exe stopped interacting with Windows and was closed. Process id=6896
2023-05-15 08:00:24.459 [INFO] Network: Interface {1ef9f903-0000-0000-0000-73d34c4b52aa} connected. IP=192.168.60.222 gateway=192.168.1.1.
2023-05-15 08:00:24.579 [ERROR] Disk: The device, \Device\Harddisk3\DR3, has a bad block.
2023-05-15 08:00:24.690 [WARN] Disk: Disk 2 has been surprise removed.
2023-05-15 08:00:24.749 [ERROR] Application Error: Faulting application name: chrome.exe, version: 16.6.8.1329, time stamp: 0xd98cd5fb
2023-05-15 08:00:24.863 [INFO] Network: Interface {fbe0c8c1-0000-0000-0000-6b9ab58dfc59} connected. IP=192.168.75.253 gateway=192.168.1.1.
2023-05-15 08:00:24.997 [INFO] Network: Interface {eb00ab4c-0000-0000-0000-f1893a5bece9} connected. IP=192.168.213.161 gateway=10.0.0.1.
2023-05-15 08:00:25.030 [INFO] Windows Defender Antivirus: Scan {57269e7f-fb1b} started on D:\\Data.
2023-05-15 08:00:25.179 [WARN] TCP/IP: A duplicate IP address 192.168.181.18 was detected on the network.
2023-05-15 08:00:25.292 [WARN] Power-Troubleshooter: The system has resumed from sleep after 53 seconds.
2023-05-15 08:00:25.381 [ERROR] Network: Name resolution for ntp.pool.org failed with error 0x8798AD5E.
2023-05-15 08:00:25.446 [INFO] Firewall: Allowed connection for explorer.exe on port 10715 from 192.168.213.161.
2023-05-15 08:00:25.558 [INFO] Service Control Manager: The BITS service entered the paused state.
2023-05-15 08:00:25.684 [INFO] System: Driver ntfs.sys loaded successfully.
2023-05-15 08:00:25.717 [ERROR] Network: Name resolution for update.microsoft.com failed with error 0x89CABE7F.
2023-05-15 08:00:25.869 [INFO] Windows Defender Antivirus: Scan {94d16f5e-6a00} finished. 76641 files scanned, 0 threats found.
2023-05-15 08:00:25.970 [INFO] Firewall: Allowed connection for svchost.exe on port 59873 from 192.168.109.9.
2023-05-15 08:00:26.080 [ERROR] Application Error: Faulting application name: outlook.exe, version: 14.6.6.8808, time stamp: 0x5cb50625
2023-05-15 08:00:26.166 [ERROR] Network: Name resolution for example.com failed with error 0x8C593E9F.
2023-05-15 08:00:26.231 [INFO] Service Control Manager: The Spooler service entered the paused state.
2023-05-15 08:00:26.385 [ERROR] Security: Audit failure for object \\\\share\\file.txt by user user02 sid=S-1-5-21-850164093-146884366-42171352-3587.
2023-05-15 08:00:26.410 [INFO] Windows Defender Antivirus: Scan {79498671-d309} finished. 48430 files scanned, 0 threats found.
2023-05-15 08:00:26.506 [ERROR] Disk: The device, \Device\Harddisk1\DR1, has a bad block.
2023-05-15 08:00:26.615 [ERROR] Network: Name resolution for ad.corp.local failed with error 0x8A77F162.
2023-05-15 08:00:26.722 [INFO] System: Driver tcpip.sys loaded successfully.
2023-05-15 08:00:26.835 [WARN] TCP/IP: A duplicate IP address 192.168.148.50 was detected on the network.
2023-05-15 08:00:26.970 [WARN] TCP/IP: A duplicate IP address 192.168.51.184 was detected on the network.
2023-05-15 08:00:27.010 [INFO] Firewall: Allowed connection for notepad.exe on port 63500 from 192.168.221.93.
2023-05-15 08:00:27.152 [WARN] Disk: Disk 1 has been surprise removed.
2023-05-15 08:00:27.211 [INFO] Windows Defender Antivirus: Scan {fea00af9-a0cb} started on C:\\Users\\Admin.
2023-05-15 08:00:27.399 [WARN] Windows Defender Antivirus: Real-time protection encountered error 0x8CBC2C0B for file C:\\Users\\Admin.
2023-05-15 08:00:27.408 [WARN] Power-Troubleshooter: The system has resumed from sleep after 94 seconds.
2023-05-15 08:00:27.545 [WARN] TCP/IP: A duplicate IP address 192.168.59.198 was detected on the network.
2023-05-15 08:00:27.694 [WARN] TCP/IP: A duplicate IP address 192.168.151.72 was detected on the network.
2023-05-15 08:00:27.796 [ERROR] Network: Name resolution for ad.corp.local failed with error 0x8E47FB0B.
2023-05-15 08:00:27.837 [INFO] Windows Defender Antivirus: Scan {c73c62ab-177b} finished. 42895 files scanned, 3 threats found.
2023-05-15 08:00:27.928 [INFO] Windows Defender Antivirus: Scan {6719d3e4-cd96} finished. 97698 files scanned, 0 threats found.
2023-05-15 08:00:28.070 [ERROR] Application Hang: notepad.exe stopped interacting with Windows and was closed. Process id=65883
2023-05-15 08:00:28.192 [WARN] Windows Defender Antivirus: Real-time protection encountered error 0x8F70299C for file C:\\Program Files\\App.
2023-05-15 08:00:28.280 [ERROR] Service Control Manager: The BITS service terminated unexpectedly with error 0x85850377.
2023-05-15 08:00:28.371 [ERROR] Application Error: Faulting application name: msedge.exe, version: 10.9.2.1629, time stamp: 0x634234cf
2023-05-15 08:00:28.466 [ERROR] Disk: The device, \Device\Harddisk1\DR1, has a bad block.
2023-05-15 08:00:28.586 [WARN] Disk: Disk 1 has been surprise removed.
2023-05-15 08:00:28.628 [WARN] Power-Troubleshooter: The system has resumed from sleep after 40 seconds.
2023-05-15 08:00:28.719 [INFO] Application: explorer.exe started process id=80621 command line=-start.
2023-05-15 08:00:28.821 [INFO] Security: Successful login for user NETWORK SERVICE from workstation LAPTOP-XYZ ip=192.168.24.98.
2023-05-15 08:00:28.917 [ERROR] Service Control Manager: The Windows Update service terminated unexpectedly with error 0x815AFAEF.
2023-05-15 08:00:29.042 [ERROR] Security: Audit failure for object C:\\secret.doc by user NETWORK SERVICE sid=S-1-5-21-597203646-763302601-75534015-1942.
2023-05-15 08:00:29.117 [WARN] Disk: Disk 2 has been surprise removed.
2023-05-15 08:00:29.219 [WARN] Service Control Manager: The WSearch service failed to start due to timeout.
2023-05-15 08:00:29.381 [WARN] Service Control Manager: The Windows Update service failed to start due to invalid parameter.
2023-05-15 08:00:29.440 [INFO] Security: Successful login for user admin from workstation LAPTOP-XYZ ip=192.168.7.144.
2023-05-15 08:00:29.580 [INFO] Windows Defender Antivirus: Scan {10231f70-1d58} started on C:\\Program Files\\App.
2023-05-15 08:00:29.664 [ERROR] Network: Name resolution for example.com failed with error 0x8BB65ED9.
2023-05-15 08:00:29.758 [INFO] Service Control Manager: The Spooler service entered the stop pending state.
2023-05-15 08:00:29.892 [ERROR] Security: Audit failure for object \\\\share\\file.txt by user user01 sid=S-1-5-21-779338069-749785103-59541127-6317.
2023-05-15 08:00:29.918 [INFO] Security: Successful login for user NETWORK SERVICE from workstation WS-003 ip=192.168.130.155.
2023-05-15 08:00:30.049 [ERROR] Application Hang: outlook.exe stopped interacting with Windows and was closed. Process id=91094
2023-05-15 08:00:30.102 [INFO] Service Control Manager: The BITS service entered the running state.
2023-05-15 08:00:30.222 [INFO] Windows Defender Antivirus: Scan {5bf70dc6-2a41} started on D:\\Data.
2023-05-15 08:00:30.323 [WARN] Power-Troubleshooter: The system has resumed from sleep after 164 seconds.
2023-05-15 08:00:30.471 [WARN] Windows Defender Antivirus: Real-time protection encountered error 0x8704C8B5 for file D:\\Data.
2023-05-15 08:00:30.510 [ERROR] Application Hang: chrome.exe stopped interacting with Windows and was closed. Process id=16366
2023-05-15 08:00:30.690 [INFO] System: Driver disk.sys loaded successfully.
2023-05-15 08:00:30.777 [INFO] System: Driver disk.sys loaded successfully.
2023-05-15 08:00:30.845 [WARN] TCP/IP: A duplicate IP address 192.168.7.144 was detected on the network.
2023-05-15 08:00:30.905 [INFO] Security: Successful login for user SYSTEM from workstation LAPTOP-XYZ ip=192.168.71.63.
2023-05-15 08:00:31.056 [WARN] Windows Defender Antivirus: Real-time protection encountered error 0x8B4ECB69 for file C:\\Windows\\System32.
2023-05-15 08:00:31.185 [INFO] Security: Successful login for user SYSTEM from workstation WS-003 ip=192.168.138.32.
2023-05-15 08:00:31.246 [INFO] Windows Defender Antivirus: Scan {87eee00f-b479} finished. 14402 files scanned, 0 threats found.
2023-05-15 08:00:31.320 [WARN] Power-Troubleshooter: The system has resumed from sleep after 95 seconds.
2023-05-15 08:00:31.424 [WARN] Power-Troubleshooter: The system has resumed from sleep after 76 seconds.
2023-05-15 08:00:31.520 [WARN] Power-Troubleshooter: The system has resumed from sleep after 211 seconds.
2023-05-15 08:00:31.644 [ERROR] Disk: The device, \Device\Harddisk3\DR3, has a bad block.
2023-05-15 08:00:31.781 [ERROR] Application Error: Faulting application name: chrome.exe, version: 6.9.6.3962, time stamp: 0x9e44f2f8
2023-05-15 08:00:31.881 [WARN] Windows Defender Antivirus: Real-time protection encountered error 0x84E5C636 for file C:\\Users\\Admin.
2023-05-15 08:00:31.912 [WARN] Service Control Manager: The Spooler service failed to start due to dependency failure.
2023-05-15 08:00:32.002 [ERROR] Application Hang: msedge.exe stopped interacting with Windows and was closed. Process id=5122
2023-05-15 08:00:32.175 [ERROR] Security: Audit failure for object C:\\secret.doc by user user01 sid=S-1-5-21-368535479-285713869-36558526-5605.
2023-05-15 08:00:32.223 [WARN] Disk: Disk 3 has been surprise removed.
2023-05-15 08:00:32.340 [WARN] TCP/IP: A duplicate IP address 192.168.23.152 was detected on the network.
2023-05-15 08:00:32.438 [INFO] Firewall: Allowed connection for outlook.exe on port 37855 from 192.168.56.60.
2023-05-15 08:00:32.505 [INFO] Application: svchost.exe started process id=30362 command line=-start.
2023-05-15 08:00:32.610 [INFO] EventLog: The Winlogon service reported: configuration changed.
2023-05-15 08:00:32.735 [WARN] Service Control Manager: The DHCP Client service failed to start due to dependency failure.
2023-05-15 08:00:32.812 [WARN] Power-Troubleshooter: The system has resumed from sleep after 282 seconds.
2023-05-15 08:00:32.993 [INFO] Windows Defender Antivirus: Scan {41a580d7-5b43} started on C:\\Users\\Admin.
2023-05-15 08:00:33.033 [INFO] Application: svchost.exe started process id=91169 command line=--service.
2023-05-15 08:00:33.145 [INFO] Windows Defender Antivirus: Scan {a810b8c1-6a26} finished. 76535 files scanned, 0 threats found.
2023-05-15 08:00:33.235 [WARN] Disk: Disk 2 has been surprise removed.
2023-05-15 08:00:33.362 [WARN] Disk: Disk 2 has been surprise removed.
2023-05-15 08:00:33.438 [WARN] Disk: Disk 3 has been surprise removed.
2023-05-15 08:00:33.552 [ERROR] Network: Name resolution for update.microsoft.com failed with error 0x8A063ACC.
2023-05-15 08:00:33.672 [ERROR] Application Error: Faulting application name: svchost.exe, version: 13.0.7.8487, time stamp: 0x85d106f2
2023-05-15 08:00:33.756 [ERROR] Application Hang: outlook.exe stopped interacting with Windows and was closed. Process id=95259
2023-05-15 08:00:33.849 [WARN] Windows Defender Antivirus: Real-time protection encountered error 0x8F3CB08A for file D:\\Data.
2023-05-15 08:00:33.983 [INFO] EventLog: The Winlogon service reported: operation completed.
2023-05-15 08:00:34.086 [INFO] Security: Successful login for user admin from workstation DESKTOP-A1B2 ip=192.168.246.196.
2023-05-15 08:00:34.120 [ERROR] Application Hang: chrome.exe stopped interacting with Windows and was closed. Process id=80499
2023-05-15 08:00:34.216 [WARN] Power-Troubleshooter: The system has resumed from sleep after 293 seconds.
2023-05-15 08:00:34.343 [ERROR] Security: Audit failure for object HKLM\\Software\\App by user admin sid=S-1-5-21-764264926-160825536-83275043-2816.
2023-05-15 08:00:34.461 [WARN] Power-Troubleshooter: The system has resumed from sleep after 42 seconds.
2023-05-15 08:00:34.529 [WARN] Disk: Disk 1 has been surprise removed.
2023-05-15 08:00:34.699 [WARN] Power-Troubleshooter: The system has resumed from sleep after 246 seconds.
2023-05-15 08:00:34.734 [ERROR] Disk: The device, \Device\Harddisk2\DR2, has a bad block.
2023-05-15 08:00:34.854 [INFO] Application: notepad.exe started process id=70794 command line=-start.
2023-05-15 08:00:34.915 [INFO] Windows Defender Antivirus: Scan {735b36bd-c8a6} started on C:\\Program Files\\App.
2023-05-15 08:00:35.006 [WARN] Disk: Disk 2 has been surprise removed.
2023-05-15 08:00:35.118 [INFO] System: Driver disk.sys loaded successfully.
2023-05-15 08:00:35.228 [INFO] Service Control Manager: The Themes service entered the stop pending state.
2023-05-15 08:00:35.353 [ERROR] Service Control Manager: The WSearch service terminated unexpectedly with error 0x8B43753B.
2023-05-15 08:00:35.488 [INFO] System: Driver netio.sys loaded successfully.
2023-05-15 08:00:35.510 [INFO] Network: Interface {c6448d24-0000-0000-0000-2e784b1bbb3a} connected. IP=192.168.140.108 gateway=192.168.0.1.
2023-05-15 08:00:35.615 [INFO] Security: Successful login for user LOCAL SERVICE from workstation LAPTOP-XYZ ip=192.168.151.72.
2023-05-15 08:00:35.790 [WARN] Disk: Disk 0 has been surprise removed.
2023-05-15 08:00:35.848 [INFO] EventLog: The Kernel-General service reported: configuration changed.
2023-05-15 08:00:35.923 [INFO] System: Driver disk.sys loaded successfully.
2023-05-15 08:00:36.037 [WARN] Disk: Disk 3 has been surprise removed.
2023-05-15 08:00:36.192 [INFO] Application: explorer.exe started process id=45543 command line=-start.
2023-05-15 08:00:36.236 [INFO] Service Control Manager: The WSearch service entered the running state.
2023-05-15 08:00:36.302 [WARN] Disk: Disk 0 has been surprise removed.
2023-05-15 08:00:36.461 [WARN] Disk: Disk 3 has been surprise removed.
2023-05-15 08:00:36.571 [ERROR] Service Control Manager: The BITS service terminated unexpectedly with error 0x84D1D036.
2023-05-15 08:00:36.655 [ERROR] Application Hang: outlook.exe stopped interacting with Windows and was closed. Process id=22783
2023-05-15 08:00:36.739 [WARN] Disk: Disk 3 has been surprise removed.
2023-05-15 08:00:36.893 [INFO] Firewall: Allowed connection for explorer.exe on port 41290 from 192.168.189.27.
2023-05-15 08:00:36.965 [INFO] Firewall: Allowed connection for msedge.exe on port 57183 from 192.168.94.42.
2023-05-15 08:00:37.059 [ERROR] Application Error: Faulting application name: explorer.exe, version: 5.6.8.7235, time stamp: 0x8d76c495
2023-05-15 08:00:37.122 [WARN] Service Control Manager: The WSearch service failed to start due to file not found.
2023-05-15 08:00:37.224 [ERROR] Application Hang: chrome.exe stopped interacting with Windows and was closed. Process id=72314
2023-05-15 08:00:37.321 [ERROR] Security: Audit failure for object \\\\share\\file.txt by user NETWORK SERVICE sid=S-1-5-21-197239910-295958920-21598781-4041.
2023-05-15 08:00:37.480 [INFO] Service Control Manager: The DHCP Client service entered the paused state.
2023-05-15 08:00:37.575 [INFO] Network: Interface {90f6c26c-0000-0000-0000-e4718d366459} connected. IP=192.168.21.219 gateway=10.0.0.1.
2023-05-15 08:00:37.605 [INFO] Windows Defender Antivirus: Scan {b125151b-6bdf} started on C:\\Windows\\System32.
2023-05-15 08:00:37.722 [INFO] System: Driver volmgr.sys loaded successfully.
2023-05-15 08:00:37.850 [WARN] Disk: Disk 1 has been surprise removed.
2023-05-15 08:00:37.949 [ERROR] Disk: The device, \Device\Harddisk1\DR1, has a bad block.
2023-05-15 08:00:38.057 [ERROR] Application Hang: notepad.exe stopped interacting with Windows and was closed. Process id=22087
2023-05-15 08:00:38.137 [ERROR] Security: Audit failure for object HKLM\\Software\\App by user guest sid=S-1-5-21-594190442-494175052-16720752-7050.
2023-05-15 08:00:38.247 [INFO] Service Control Manager: The DNS Client service entered the stopped state.
2023-05-15 08:00:38.395 [INFO] Windows Defender Antivirus: Scan {c94ba015-b347} started on C:\\Windows\\System32.
2023-05-15 08:00:38.469 [INFO] Network: Interface {14cac3d1-0000-0000-0000-7a11c8347776} connected. IP=192.168.51.184 gateway=10.0.0.1.
2023-05-15 08:00:38.574 [WARN] Windows Defender Antivirus: Real-time protection encountered error 0x89BAA2D9 for file C:\\Program Files\\App.
2023-05-15 08:00:38.687 [INFO] Network: Interface {31b6eb84-0000-0000-0000-ab6c60e0b673} connected. IP=192.168.97.21 gateway=192.168.1.1.
2023-05-15 08:00:38.752 [WARN] TCP/IP: A duplicate IP address 192.168.87.27 was detected on the network.
2023-05-15 08:00:38.830 [INFO] Service Control Manager: The Themes service entered the stop pending state.
2023-05-15 08:00:38.951 [INFO] Network: Interface {bd478200-0000-0000-0000-edf768065678} connected. IP=192.168.75.253 gateway=10.0.0.1.
2023-05-15 08:00:39.035 [ERROR] Security: Audit failure for object \\\\share\\file.txt by user NETWORK SERVICE sid=S-1-5-21-467695264-417067441-69682874-6417.
2023-05-15 08:00:39.146 [ERROR] Network: Name resolution for ad.corp.local failed with error 0x874B1AC0.
2023-05-15 08:00:39.272 [ERROR] Security: Audit failure for object HKLM\\Software\\App by user LOCAL SERVICE sid=S-1-5-21-340851021-261156324-47354880-2959.
2023-05-15 08:00:39.308 [INFO] Service Control Manager: The DHCP Client service entered the stopped state.
2023-05-15 08:00:39.482 [INFO] Security: Successful login for user admin from workstation LAPTOP-XYZ ip=192.168.58.36.
2023-05-15 08:00:39.556 [INFO] Firewall: Allowed connection for svchost.exe on port 16399 from 192.168.207.12.
2023-05-15 08:00:39.647 [WARN] TCP/IP: A duplicate IP address 192.168.207.12 was detected on the network.
2023-05-15 08:00:39.756 [INFO] Security: Successful login for user guest from workstation DESKTOP-A1B2 ip=192.168.164.29.
2023-05-15 08:00:39.819 [INFO] Application: explorer.exe started process id=77823 command line=.
2023-05-15 08:00:39.952 [ERROR] Service Control Manager: The DNS Client service terminated unexpectedly with error 0x8AA808FF.
2023-05-15 08:00:40.059 [WARN] Power-Troubleshooter: The system has resumed from sleep after 286 seconds.
2023-05-15 08:00:40.139 [ERROR] Application Error: Faulting application name: chrome.exe, version: 8.9.5.8722, time stamp: 0x852f524f
2023-05-15 08:00:40.225 [INFO] Network: Interface {b87da2af-0000-0000-0000-43a235746477} connected. IP=192.168.167.180 gateway=192.168.0.1.
2023-05-15 08:00:40.346 [INFO] Firewall: Allowed connection for msedge.exe on port 65311 from 192.168.23.152.
2023-05-15 08:00:40.422 [WARN] Disk: Disk 1 has been surprise removed.
2023-05-15 08:00:40.528 [ERROR] Security: Audit failure for object C:\\secret.doc by user user02 sid=S-1-5-21-918730606-742642508-80491768-3781.
2023-05-15 08:00:40.678 [INFO] Windows Defender Antivirus: Scan {2cc6f0a0-89c6} finished. 54504 files scanned, 4 threats found.
2023-05-15 08:00:40.780 [INFO] EventLog: The Winlogon service reported: configuration changed.
2023-05-15 08:00:40.891 [ERROR] Service Control Manager: The WSearch service terminated unexpectedly with error 0x80D030FD.
2023-05-15 08:00:40.925 [WARN] Disk: Disk 0 has been surprise removed.
2023-05-15 08:00:41.044 [INFO] Application: msedge.exe started process id=97136 command line=-start.
2023-05-15 08:00:41.180 [INFO] Windows Defender Antivirus: Scan {33f3e5c5-f483} finished. 16283 files scanned, 5 threats found.
2023-05-15 08:00:41.228 [ERROR] Application Error: Faulting application name: notepad.exe, version: 9.4.8.5387, time stamp: 0x7b6de0da
2023-05-15 08:00:41.304 [ERROR] Service Control Manager: The WSearch service terminated unexpectedly with error 0x8C998F52.
2023-05-15 08:00:41.411 [WARN] Windows Defender Antivirus: Real-time protection encountered error 0x85239212 for file C:\\Users\\Admin.
2023-05-15 08:00:41.550 [WARN] TCP/IP: A duplicate IP address 192.168.207.41 was detected on the network.
2023-05-15 08:00:41.601 [ERROR] Network: Name resolution for ad.corp.local failed with error 0x8FD2E2D5.
2023-05-15 08:00:41.712 [WARN] Disk: Disk 2 has been surprise removed.
2023-05-15 08:00:41.832 [ERROR] Security: Audit failure for object C:\\secret.doc by user SYSTEM sid=S-1-5-21-611773745-858393530-29848134-2044.
2023-05-15 08:00:41.903 [INFO] Service Control Manager: The WinDefend service entered the start pending state.
2023-05-15 08:00:42.032 [ERROR] Application Hang: explorer.exe stopped interacting with Windows and was closed. Process id=93702
2023-05-15 08:00:42.119 [INFO] Service Control Manager: The Windows Update service entered the stop pending state.
2023-05-15 08:00:42.245 [ERROR] Application Error: Faulting application name: notepad.exe, version: 13.7.1.9084, time stamp: 0x20c238ba
2023-05-15 08:00:42.387 [INFO] Windows Defender Antivirus: Scan {2949ab8a-e907} started on C:\\Windows\\System32.
2023-05-15 08:00:42.478 [INFO] Windows Defender Antivirus: Scan {26d4fdff-5e9f} started on C:\\Users\\Admin.
2023-05-15 08:00:42.576 [INFO] Service Control Manager: The Windows Update service entered the start pending state.
2023-05-15 08:00:42.625 [INFO] Service Control Manager: The WSearch service entered the running state.
2023-05-15 08:00:42.748 [INFO] Security: Successful login for user admin from workstation WS-001 ip=192.168.140.108.
2023-05-15 08:00:42.848 [INFO] Security: Successful login for user admin from workstation DESKTOP-A1B2 ip=192.168.189.27.
2023-05-15 08:00:42.994 [INFO] Service Control Manager: The Windows Update service entered the start pending state.
2023-05-15 08:00:43.052 [INFO] Service Control Manager: The WSearch service entered the paused state.
2023-05-15 08:00:43.152 [WARN] Service Control Manager: The DNS Client service failed to start due to dependency failure.
2023-05-15 08:00:43.238 [WARN] TCP/IP: A duplicate IP address 192.168.189.27 was detected on the network.
2023-05-15 08:00:43.385 [INFO] EventLog: The Winlogon service reported: resource unavailable.
2023-05-15 08:00:43.406 [ERROR] Service Control Manager: The Themes service terminated unexpectedly with error 0x8BAFD96B.
2023-05-15 08:00:43.544 [INFO] System: Driver disk.sys loaded successfully.
2023-05-15 08:00:43.642 [INFO] Application: outlook.exe started process id=49940 command line=-start.
2023-05-15 08:00:43.710 [INFO] EventLog: The Kernel-Power service reported: operation completed.
2023-05-15 08:00:43.893 [INFO] Network: Interface {4a4b90e3-0000-0000-0000-750829949775} connected. IP=192.168.163.214 gateway=10.0.0.1.
2023-05-15 08:00:43.941 [INFO] Windows Defender Antivirus: Scan {bc8d8f32-d3b1} started on D:\\Data.
2023-05-15 08:00:44.020 [WARN] Windows Defender Antivirus: Real-time protection encountered error 0x8C85760F for file C:\\Users\\Admin.
2023-05-15 08:00:44.192 [WARN] Disk: Disk 1 has been surprise removed.
2023-05-15 08:00:44.212 [WARN] Service Control Manager: The Spooler service failed to start due to access denied.
2023-05-15 08:00:44.382 [WARN] Windows Defender Antivirus: Real-time protection encountered error 0x84AD0443 for file D:\\Data.
2023-05-15 08:00:44.458 [INFO] Firewall: Allowed connection for explorer.exe on port 17184 from 192.168.25.92.
2023-05-15 08:00:44.508 [INFO] Application: explorer.exe started process id=73106 command line=-start.
2023-05-15 08:00:44.606 [INFO] Windows Defender Antivirus: Scan {2a2d4453-95d4} finished. 93666 files scanned, 1 threats found.
2023-05-15 08:00:44.747 [INFO] System: Driver tcpip.sys loaded successfully.
2023-05-15 08:00:44.897 [ERROR] Security: Audit failure for object C:\\secret.doc by user user02 sid=S-1-5-21-319676904-298461891-25125464-1682.
2023-05-15 08:00:44.900 [ERROR] Service Control Manager: The DNS Client service terminated unexpectedly with error 0x8549C9A5.
2023-05-15 08:00:45.014 [INFO] Service Control Manager: The Windows Update service entered the running state.
2023-05-15 08:00:45.130 [INFO] Windows Defender Antivirus: Scan {eeaaacaa-f2ed} finished. 35498 files scanned, 0 threats found.
2023-05-15 08:00:45.237 [ERROR] Application Error: Faulting application name: notepad.exe, version: 18.8.2.5254, time stamp: 0xcc35bc9a
2023-05-15 08:00:45.300 [INFO] Security: Successful login for user user02 from workstation WS-003 ip=192.168.12.170.
2023-05-15 08:00:45.469 [INFO] Application: svchost.exe started process id=91151 command line=-start.
2023-05-15 08:00:45.544 [INFO] EventLog: The Kernel-Power service reported: operation completed.
2023-05-15 08:00:45.670 [INFO] Service Control Manager: The DNS Client service entered the start pending state.
2023-05-15 08:00:45.719 [ERROR] Application Error: Faulting application name: msedge.exe, version: 4.8.7.2849, time stamp: 0xf6faa03b
2023-05-15 08:00:45.847 [INFO] Windows Defender Antivirus: Scan {8c7ab691-4fc1} finished. 50864 files scanned, 5 threats found.
2023-05-15 08:00:45.923 [ERROR] Disk: The device, \Device\Harddisk0\DR0, has a bad block.
2023-05-15 08:00:46.080 [ERROR] Service Control Manager: The WSearch service terminated unexpectedly with error 0x8F313AF1.
2023-05-15 08:00:46.152 [ERROR] Disk: The device, \Device\Harddisk0\DR0, has a bad block.
2023-05-15 08:00:46.288 [INFO] Network: Interface {25b83fa6-0000-0000-0000-f443b4586ea4} connected. IP=192.168.142.76 gateway=192.168.1.1.
2023-05-15 08:00:46.369 [ERROR] Application Hang: outlook.exe stopped interacting with Windows and was closed. Process id=46680
2023-05-15 08:00:46.463 [ERROR] Disk: The device, \Device\Harddisk2\DR2, has a bad block.
2023-05-15 08:00:46.501 [ERROR] Application Error: Faulting application name: outlook.exe, version: 9.1.8.8769, time stamp: 0x54b6cc9e
2023-05-15 08:00:46.652 [INFO] EventLog: The Kernel-Power service reported: resource unavailable.
2023-05-15 08:00:46.764 [INFO] System: Driver netio.sys loaded successfully.
2023-05-15 08:00:46.892 [ERROR] Network: Name resolution for ntp.pool.org failed with error 0x80B33C3E.
2023-05-15 08:00:46.955 [ERROR] Application Error: Faulting application name: svchost.exe, version: 2.3.1.2601, time stamp: 0x27a60138
2023-05-15 08:00:47.047 [INFO] Application: outlook.exe started process id=62636 command line=.
2023-05-15 08:00:47.105 [INFO] Network: Interface {91278cf9-0000-0000-0000-1e8de5141d91} connected. IP=192.168.138.32 gateway=192.168.0.1.
2023-05-15 08:00:47.247 [INFO] Windows Defender Antivirus: Scan {102593ed-5986} finished. 69423 files scanned, 3 threats found.
2023-05-15 08:00:47.347 [INFO] Service Control Manager: The Themes service entered the start pending state.
2023-05-15 08:00:47.442 [INFO] Windows Defender Antivirus: Scan {f8cdea8a-72f5} started on D:\\Data.
2023-05-15 08:00:47.538 [ERROR] Network: Name resolution for ntp.pool.org failed with error 0x86485EC3.
2023-05-15 08:00:47.619 [INFO] Service Control Manager: The Spooler service entered the stopped state.
2023-05-15 08:00:47.720 [ERROR] Service Control Manager: The DNS Client service terminated unexpectedly with error 0x8B9DA34C.
2023-05-15 08:00:47.810 [ERROR] Network: Name resolution for ntp.pool.org failed with error 0x8546D0AD.
2023-05-15 08:00:47.934 [INFO] Service Control Manager: The Spooler service entered the stop pending state.
2023-05-15 08:00:48.085 [ERROR] Service Control Manager: The DNS Client service terminated unexpectedly with error 0x8E7AF301.
2023-05-15 08:00:48.144 [WARN] TCP/IP: A duplicate IP address 192.168.217.89 was detected on the network.
2023-05-15 08:00:48.223 [INFO] Windows Defender Antivirus: Scan {e753ba99-ea62} finished. 51160 files scanned, 1 threats found.
2023-05-15 08:00:48.336 [WARN] Power-Troubleshooter: The system has resumed from sleep after 271 seconds.
2023-05-15 08:00:48.469 [WARN] TCP/IP: A duplicate IP address 192.168.167.180 was detected on the network.
2023-05-15 08:00:48.532 [WARN] Power-Troubleshooter: The system has resumed from sleep after 280 seconds.
2023-05-15 08:00:48.622 [WARN] Power-Troubleshooter: The system has resumed from sleep after 59 seconds.
2023-05-15 08:00:48.798 [WARN] Windows Defender Antivirus: Real-time protection encountered error 0x8615A837 for file C:\\Windows\\System32.
2023-05-15 08:00:48.881 [ERROR] Application Error: Faulting application name: msedge.exe, version: 3.2.1.9742, time stamp: 0x95406adb
2023-05-15 08:00:48.933 [WARN] TCP/IP: A duplicate IP address 192.168.21.219 was detected on the network.
2023-05-15 08:00:49.013 [WARN] TCP/IP: A duplicate IP address 192.168.163.214 was detected on the network.
2023-05-15 08:00:49.107 [ERROR] Application Hang: msedge.exe stopped interacting with Windows and was closed. Process id=92841
2023-05-15 08:00:49.291 [WARN] Power-Troubleshooter: The system has resumed from sleep after 255 seconds.
2023-05-15 08:00:49.318 [INFO] Windows Defender Antivirus: Scan {ceb07722-1beb} started on C:\\Windows\\System32.
2023-05-15 08:00:49.438 [INFO] Firewall: Allowed connection for chrome.exe on port 49122 from 192.168.164.29.
2023-05-15 08:00:49.531 [INFO] System: Driver ntfs.sys loaded successfully.
2023-05-15 08:00:49.660 [ERROR] Disk: The device, \Device\Harddisk1\DR1, has a bad block.
2023-05-15 08:00:49.726 [INFO] System: Driver disk.sys loaded successfully.
2023-05-15 08:00:49.894 [INFO] Windows Defender Antivirus: Scan {ac9d3925-2e68} finished. 32909 files scanned, 4 threats found.
2023-05-15 08:00:49.968 [INFO] EventLog: The Kernel-General service reported: resource unavailable.
2023-05-15 08:00:50.093 [INFO] Network: Interface {c31eb8f5-0000-0000-0000-3a8bd006862a} connected. IP=192.168.167.180 gateway=192.168.0.1.
2023-05-15 08:00:50.143 [INFO] Service Control Manager: The DHCP Client service entered the start pending state.
2023-05-15 08:00:50.203 [ERROR] Security: Audit failure for object \\\\share\\file.txt by user guest sid=S-1-5-21-462582739-132169436-14443428-1188.
2023-05-15 08:00:50.361 [INFO] Windows Defender Antivirus: Scan {d1ef5aef-ce00} finished. 10930 files scanned, 5 threats found.
2023-05-15 08:00:50.434 [WARN] Disk: Disk 2 has been surprise removed.
2023-05-15 08:00:50.571 [ERROR] Security: Audit failure for object HKLM\\Software\\App by user NETWORK SERVICE sid=S-1-5-21-165188767-387559535-16306434-3005.
2023-05-15 08:00:50.631 [ERROR] Security: Audit failure for object HKLM\\Software\\App by user SYSTEM sid=S-1-5-21-660196312-713558011-96595409-6038.
2023-05-15 08:00:50.735 [WARN] Power-Troubleshooter: The system has resumed from sleep after 22 seconds.
2023-05-15 08:00:50.815 [WARN] Disk: Disk 0 has been surprise removed.
2023-05-15 08:00:50.959 [WARN] Windows Defender Antivirus: Real-time protection encountered error 0x814137B8 for file C:\\Windows\\System32.
2023-05-15 08:00:51.047 [ERROR] Security: Audit failure for object \\\\share\\file.txt by user guest sid=S-1-5-21-983733458-740027558-26065988-7807.
2023-05-15 08:00:51.135 [ERROR] Network: Name resolution for ad.corp.local failed with error 0x85758F91.
2023-05-15 08:00:51.246 [WARN] TCP/IP: A duplicate IP address 192.168.24.98 was detected on the network.
2023-05-15 08:00:51.330 [WARN] Windows Defender Antivirus: Real-time protection encountered error 0x8490250E for file C:\\Windows\\System32.
2023-05-15 08:00:51.402 [WARN] Disk: Disk 0 has been surprise removed.
2023-05-15 08:00:51.502 [ERROR] Application Error: Faulting application name: explorer.exe, version: 10.2.8.5999, time stamp: 0xa44baabb
2023-05-15 08:00:51.629 [ERROR] Security: Audit failure for object HKLM\\Software\\App by user guest sid=S-1-5-21-132770955-789273480-69322805-3849.
2023-05-15 08:00:51.770 [ERROR] Security: Audit failure for object HKLM\\Software\\App by user NETWORK SERVICE sid=S-1-5-21-536187136-734057571-58146877-9921.
2023-05-15 08:00:51.821 [WARN] Windows Defender Antivirus: Real-time protection encountered error 0x87B30072 for file C:\\Windows\\System32.
2023-05-15 08:00:51.999 [ERROR] Application Hang: chrome.exe stopped interacting with Windows and was closed. Process id=81201
2023-05-15 08:00:52.006 [INFO] Network: Interface {144e2d9b-0000-0000-0000-8ec9e54dce58} connected. IP=192.168.151.72 gateway=192.168.0.1.
2023-05-15 08:00:52.128 [INFO] Network: Interface {ffef1246-0000-0000-0000-606fee6f5a9c} connected. IP=192.168.174.190 gateway=192.168.0.1.
2023-05-15 08:00:52.226 [WARN] Power-Troubleshooter: The system has resumed from sleep after 297 seconds.
2023-05-15 08:00:52.331 [INFO] Application: notepad.exe started process id=71286 command line=--service.
2023-05-15 08:00:52.418 [INFO] EventLog: The Kernel-Power service reported: state transition.
2023-05-15 08:00:52.577 [INFO] Windows Defender Antivirus: Scan {49520c71-b111} finished. 43077 files scanned, 5 threats found.
2023-05-15 08:00:52.658 [ERROR] Disk: The device, \Device\Harddisk1\DR1, has a bad block.
2023-05-15 08:00:52.740 [INFO] Windows Defender Antivirus: Scan {6b6047b0-fc74} started on C:\\Users\\Admin.
2023-05-15 08:00:52.834 [ERROR] Security: Audit failure for object \\\\share\\file.txt by user NETWORK SERVICE sid=S-1-5-21-822640320-234030342-32537795-5580.
2023-05-15 08:00:52.943 [INFO] Application: svchost.exe started process id=52299 command line=--service.
2023-05-15 08:00:53.080 [WARN] Windows Defender Antivirus: Real-time protection encountered error 0x8F9BCC6E for file C:\\Users\\Admin.
2023-05-15 08:00:53.179 [ERROR] Network: Name resolution for example.com failed with error 0x8E848512.
2023-05-15 08:00:53.216 [INFO] Firewall: Allowed connection for msedge.exe on port 56720 from 192.168.148.50.
2023-05-15 08:00:53.322 [INFO] System: Driver tcpip.sys loaded successfully.
2023-05-15 08:00:53.481 [ERROR] Security: Audit failure for object \\\\share\\file.txt by user admin sid=S-1-5-21-105980425-447867218-55624601-8872.
2023-05-15 08:00:53.594 [WARN] Power-Troubleshooter: The system has resumed from sleep after 150 seconds.
2023-05-15 08:00:53.659 [INFO] Security: Successful login for user admin from workstation DESKTOP-A1B2 ip=192.168.72.117.
2023-05-15 08:00:53.783 [WARN] TCP/IP: A duplicate IP address 192.168.71.63 was detected on the network.
2023-05-15 08:00:53.834 [ERROR] Service Control Manager: The Spooler service terminated unexpectedly with error 0x8BA35E04.
2023-05-15 08:00:53.985 [WARN] Power-Troubleshooter: The system has resumed from sleep after 93 seconds.
2023-05-15 08:00:54.072 [ERROR] Network: Name resolution for ntp.pool.org failed with error 0x816C4325.
2023-05-15 08:00:54.173 [ERROR] Application Error: Faulting application name: outlook.exe, version: 19.9.5.1793, time stamp: 0x85d0a2af
2023-05-15 08:00:54.284 [INFO] Network: Interface {f9622f9d-0000-0000-0000-a3980141f1ae} connected. IP=192.168.7.144 gateway=192.168.0.1.
2023-05-15 08:00:54.383 [INFO] Security: Successful login for user admin from workstation WS-002 ip=192.168.130.155.
2023-05-15 08:00:54.491 [WARN] Disk: Disk 1 has been surprise removed.
2023-05-15 08:00:54.520 [ERROR] Service Control Manager: The Themes service terminated unexpectedly with error 0x84FF596B.
2023-05-15 08:00:54.663 [ERROR] Application Hang: notepad.exe stopped interacting with Windows and was closed. Process id=17578
2023-05-15 08:00:54.752 [ERROR] Service Control Manager: The WinDefend service terminated unexpectedly with error 0x81E697A1.
2023-05-15 08:00:54.810 [ERROR] Disk: The device, \Device\Harddisk0\DR0, has a bad block.
2023-05-15 08:00:54.951 [INFO] Windows Defender Antivirus: Scan {97db9211-568a} started on D:\\Data.
2023-05-15 08:00:55.059 [INFO] Network: Interface {4d948afd-0000-0000-0000-3362d4a84c96} connected. IP=192.168.250.237 gateway=10.0.0.1.
2023-05-15 08:00:55.181 [INFO] EventLog: The LSASRV service reported: operation completed.
2023-05-15 08:00:55.275 [INFO] System: Driver netio.sys loaded successfully.
2023-05-15 08:00:55.330 [ERROR] Network: Name resolution for update.microsoft.com failed with error 0x851145CA.
2023-05-15 08:00:55.407 [WARN] Service Control Manager: The WinDefend service failed to start due to invalid parameter.
2023-05-15 08:00:55.545 [INFO] Service Control Manager: The DNS Client service entered the stop pending state.
2023-05-15 08:00:55.648 [INFO] System: Driver tcpip.sys loaded successfully.
2023-05-15 08:00:55.717 [WARN] Windows Defender Antivirus: Real-time protection encountered error 0x871AA528 for file D:\\Data.
2023-05-15 08:00:55.865 [INFO] Application: chrome.exe started process id=47890 command line=--service.
2023-05-15 08:00:55.996 [INFO] EventLog: The User32 service reported: configuration changed.
2023-05-15 08:00:56.039 [ERROR] Disk: The device, \Device\Harddisk3\DR3, has a bad block.
2023-05-15 08:00:56.131 [INFO] Windows Defender Antivirus: Scan {a69e3fde-52df} finished. 86595 files scanned, 0 threats found.
2023-05-15 08:00:56.241 [WARN] Power-Troubleshooter: The system has resumed from sleep after 92 seconds.
2023-05-15 08:00:56.353 [WARN] Power-Troubleshooter: The system has resumed from sleep after 260 seconds.
2023-05-15 08:00:56.422 [WARN] TCP/IP: A duplicate IP address 192.168.21.219 was detected on the network.
2023-05-15 08:00:56.554 [INFO] Application: notepad.exe started process id=74246 command line=--service.
2023-05-15 08:00:56.634 [INFO] Windows Defender Antivirus: Scan {fb65c70d-3a24} finished. 26824 files scanned, 4 threats found.
2023-05-15 08:00:56.721 [INFO] Windows Defender Antivirus: Scan {512498f9-5e35} started on C:\\Program Files\\App.
2023-05-15 08:00:56.889 [INFO] Service Control Manager: The DHCP Client service entered the stop pending state.
2023-05-15 08:00:56.918 [INFO] EventLog: The Winlogon service reported: configuration changed.
2023-05-15 08:00:57.034 [ERROR] Disk: The device, \Device\Harddisk1\DR1, has a bad block.
2023-05-15 08:00:57.122 [INFO] Security: Successful login for user LOCAL SERVICE from workstation WS-001 ip=192.168.8.24.
2023-05-15 08:00:57.283 [INFO] Service Control Manager: The Windows Update service entered the running state.
2023-05-15 08:00:57.355 [INFO] System: Driver disk.sys loaded successfully.
2023-05-15 08:00:57.437 [WARN] Windows Defender Antivirus: Real-time protection encountered error 0x807B3E62 for file C:\\Windows\\System32.
2023-05-15 08:00:57.516 [ERROR] Disk: The device, \Device\Harddisk3\DR3, has a bad block.
2023-05-15 08:00:57.623 [INFO] Service Control Manager: The BITS service entered the stopped state.
2023-05-15 08:00:57.764 [INFO] Windows Defender Antivirus: Scan {bc480aa4-dc17} finished. 36843 files scanned, 0 threats found.
2023-05-15 08:00:57.866 [INFO] Security: Successful login for user NETWORK SERVICE from workstation WS-001 ip=192.168.189.27.
2023-05-15 08:00:57.995 [ERROR] Security: Audit failure for object C:\\secret.doc by user admin sid=S-1-5-21-598024924-966791318-24657555-2411.
2023-05-15 08:00:58.073 [INFO] Windows Defender Antivirus: Scan {e1230280-ecb8} started on D:\\Data.
2023-05-15 08:00:58.159 [INFO] Firewall: Allowed connection for notepad.exe on port 13330 from 192.168.148.50.
2023-05-15 08:00:58.206 [WARN] Disk: Disk 2 has been surprise removed.
2023-05-15 08:00:58.312 [WARN] TCP/IP: A duplicate IP address 192.168.148.50 was detected on the network.
2023-05-15 08:00:58.401 [ERROR] Application Error: Faulting application name: msedge.exe, version: 9.1.2.10, time stamp: 0xf4999ab5
2023-05-15 08:00:58.501 [INFO] Network: Interface {80adf7ed-0000-0000-0000-f3fea23b3ed7} connected. IP=192.168.57.115 gateway=10.0.0.1.
2023-05-15 08:00:58.687 [WARN] Windows Defender Antivirus: Real-time protection encountered error 0x8AC7274E for file C:\\Windows\\System32.
2023-05-15 08:00:58.774 [ERROR] Service Control Manager: The Themes service terminated unexpectedly with error 0x888BB8C4.
2023-05-15 08:00:58.842 [WARN] Service Control Manager: The DHCP Client service failed to start due to dependency failure.
2023-05-15 08:00:58.969 [INFO] EventLog: The Winlogon service reported: operation completed.
2023-05-15 08:00:59.044 [ERROR] Application Error: Faulting application name: msedge.exe, version: 12.8.2.1273, time stamp: 0x517e5edc
2023-05-15 08:00:59.110 [INFO] Network: Interface {b9065b41-0000-0000-0000-21492bc133fb} connected. IP=192.168.26.98 gateway=192.168.0.1.
2023-05-15 08:00:59.212 [ERROR] Service Control Manager: The Themes service terminated unexpectedly with error 0x8F58D10B.
2023-05-15 08:00:59.390 [ERROR] Security: Audit failure for object HKLM\\Software\\App by user LOCAL SERVICE sid=S-1-5-21-904561269-663607759-24724522-2081.
2023-05-15 08:00:59.407 [INFO] Firewall: Allowed connection for notepad.exe on port 32718 from 192.168.167.180.
2023-05-15 08:00:59.520 [WARN] Service Control Manager: The DHCP Client service failed to start due to file not found.
2023-05-15 08:00:59.655 [INFO] Security: Successful login for user SYSTEM from workstation LAPTOP-XYZ ip=192.168.40.56.
2023-05-15 08:00:59.741 [WARN] Windows Defender Antivirus: Real-time protection encountered error 0x86ED1811 for file C:\\Users\\Admin.
2023-05-15 08:00:59.868 [INFO] Application: explorer.exe started process id=87247 command line=.
2023-05-15 08:00:59.947 [INFO] System: Driver tcpip.sys loaded successfully.
2023-05-15 08:01:00.014 [ERROR] Service Control Manager: The WinDefend service terminated unexpectedly with error 0x8490242D.
2023-05-15 08:01:00.113 [INFO] System: Driver tcpip.sys loaded successfully.
2023-05-15 08:01:00.282 [INFO] Service Control Manager: The Windows Update service entered the stop pending state.
2023-05-15 08:01:00.366 [INFO] Network: Interface {a3ca3df0-0000-0000-0000-767a6e12d255} connected. IP=192.168.109.9 gateway=10.0.0.1.
2023-05-15 08:01:00.444 [INFO] Windows Defender Antivirus: Scan {fbb7e6cc-36e8} started on D:\\Data.
2023-05-15 08:01:00.529 [WARN] Service Control Manager: The Spooler service failed to start due to dependency failure.
2023-05-15 08:01:00.685 [WARN] Power-Troubleshooter: The system has resumed from sleep after 196 seconds.
2023-05-15 08:01:00.743 [WARN] Power-Troubleshooter: The system has resumed from sleep after 130 seconds.
2023-05-15 08:01:00.884 [INFO] Firewall: Allowed connection for notepad.exe on port 18153 from 192.168.97.21.
2023-05-15 08:01:00.927 [INFO] Windows Defender Antivirus: Scan {4aaf6187-a227} started on D:\\Data.
2023-05-15 08:01:01.058 [ERROR] Service Control Manager: The Themes service terminated unexpectedly with error 0x87CBFCFE.
2023-05-15 08:01:01.111 [WARN] Windows Defender Antivirus: Real-time protection encountered error 0x8D738FAF for file C:\\Users\\Admin.
2023-05-15 08:01:01.251 [WARN] Windows Defender Antivirus: Real-time protection encountered error 0x8D77B9A7 for file C:\\Program Files\\App.
2023-05-15 08:01:01.381 [WARN] Disk: Disk 2 has been surprise removed.
2023-05-15 08:01:01.484 [ERROR] Service Control Manager: The Themes service terminated unexpectedly with error 0x8A0C662F.
2023-05-15 08:01:01.575 [WARN] Power-Troubleshooter: The system has resumed from sleep after 133 seconds.
2023-05-15 08:01:01.616 [WARN] TCP/IP: A duplicate IP address 192.168.56.60 was detected on the network.
2023-05-15 08:01:01.780 [INFO] Security: Successful login for user SYSTEM from workstation WS-001 ip=192.168.8.24.
2023-05-15 08:01:01.831 [ERROR] Application Hang: explorer.exe stopped interacting with Windows and was closed. Process id=30004
2023-05-15 08:01:01.959 [INFO] Firewall: Allowed connection for svchost.exe on port 48671 from 192.168.59.198.
2023-05-15 08:01:02.027 [INFO] Application: notepad.exe started process id=24746 command line=.
2023-05-15 08:01:02.129 [INFO] Firewall: Allowed connection for explorer.exe on port 61212 from 192.168.59.198.
2023-05-15 08:01:02.282 [ERROR] Service Control Manager: The DNS Client service terminated unexpectedly with error 0x8E0F209C.
2023-05-15 08:01:02.332 [ERROR] Application Hang: outlook.exe stopped interacting with Windows and was closed. Process id=83434
2023-05-15 08:01:02.413 [ERROR] Security: Audit failure for object \\\\share\\file.txt by user admin sid=S-1-5-21-985170391-620476229-49104072-1590.
2023-05-15 08:01:02.594 [ERROR] Service Control Manager: The DNS Client service terminated unexpectedly with error 0x8C059310.
2023-05-15 08:01:02.676 [INFO] Service Control Manager: The DHCP Client service entered the stopped state.
2023-05-15 08:01:02.740 [WARN] TCP/IP: A duplicate IP address 192.168.213.161 was detected on the network.
2023-05-15 08:01:02.868 [WARN] TCP/IP: A duplicate IP address 192.168.26.98 was detected on the network.
2023-05-15 08:01:02.907 [INFO] System: Driver tcpip.sys loaded successfully.
2023-05-15 08:01:03.055 [WARN] Windows Defender Antivirus: Real-time protection encountered error 0x84233C38 for file C:\\Windows\\System32.
2023-05-15 08:01:03.194 [INFO] Security: Successful login for user user02 from workstation WS-002 ip=192.168.148.50.
2023-05-15 08:01:03.220 [ERROR] Disk: The device, \Device\Harddisk3\DR3, has a bad block.
2023-05-15 08:01:03.355 [WARN] Power-Troubleshooter: The system has resumed from sleep after 110 seconds.
2023-05-15 08:01:03.483 [ERROR] Disk: The device, \Device\Harddisk2\DR2, has a bad block.
2023-05-15 08:01:03.593 [INFO] Windows Defender Antivirus: Scan {e355652e-a4fe} started on C:\\Users\\Admin.
2023-05-15 08:01:03.660 [INFO] Security: Successful login for user LOCAL SERVICE from workstation WS-001 ip=192.168.109.9.
2023-05-15 08:01:03.743 [INFO] Security: Successful login for user SYSTEM from workstation WS-001 ip=192.168.142.76.
2023-05-15 08:01:03.834 [INFO] Firewall: Allowed connection for msedge.exe on port 42023 from 192.168.207.41.
2023-05-15 08:01:03.986 [ERROR] Disk: The device, \Device\Harddisk2\DR2, has a bad block.
2023-05-15 08:01:04.014 [WARN] Service Control Manager: The WSearch service failed to start due to timeout.
2023-05-15 08:01:04.198 [INFO] Firewall: Allowed connection for explorer.exe on port 43678 from 192.168.109.9.
2023-05-15 08:01:04.242 [INFO] Network: Interface {8fb82b3e-0000-0000-0000-8afb4eab6bdd} connected. IP=192.168.57.115 gateway=192.168.0.1.
2023-05-15 08:01:04.323 [WARN] Service Control Manager: The DHCP Client service failed to start due to access denied.
2023-05-15 08:01:04.427 [ERROR] Service Control Manager: The DNS Client service terminated unexpectedly with error 0x884435A3.
2023-05-15 08:01:04.525 [WARN] Service Control Manager: The Spooler service failed to start due to timeout.
2023-05-15 08:01:04.665 [INFO] System: Driver volmgr.sys loaded successfully.
2023-05-15 08:01:04.773 [INFO] Windows Defender Antivirus: Scan {a084b6de-ed0c} started on C:\\Windows\\System32.
2023-05-15 08:01:04.847 [ERROR] Service Control Manager: The Windows Update service terminated unexpectedly with error 0x89857449.
2023-05-15 08:01:04.934 [ERROR] Application Hang: msedge.exe stopped interacting with Windows and was closed. Process id=87551
2023-05-15 08:01:05.092 [INFO] Firewall: Allowed connection for svchost.exe on port 33030 from 192.168.26.98.
2023-05-15 08:01:05.173 [ERROR] Service Control Manager: The Spooler service terminated unexpectedly with error 0x83E3A364.
2023-05-15 08:01:05.251 [ERROR] Application Hang: chrome.exe stopped interacting with Windows and was closed. Process id=95002
2023-05-15 08:01:05.372 [INFO] Security: Successful login for user LOCAL SERVICE from workstation WS-002 ip=192.168.51.184.
2023-05-15 08:01:05.408 [INFO] Network: Interface {b8f75fed-0000-0000-0000-e69c224f6444} connected. IP=192.168.71.63 gateway=10.0.0.1.
2023-05-15 08:01:05.534 [WARN] Power-Troubleshooter: The system has resumed from sleep after 252 seconds.
2023-05-15 08:01:05.658 [ERROR] Application Error: Faulting application name: notepad.exe, version: 17.8.4.8341, time stamp: 0x844feff8
2023-05-15 08:01:05.751 [INFO] Security: Successful login for user guest from workstation WS-001 ip=192.168.163.214.
2023-05-15 08:01:05.883 [WARN] Disk: Disk 3 has been surprise removed.
2023-05-15 08:01:05.975 [WARN] Service Control Manager: The WinDefend service failed to start due to file not found.
2023-05-15 08:01:06.006 [ERROR] Disk: The device, \Device\Harddisk1\DR1, has a bad block.
2023-05-15 08:01:06.163 [ERROR] Application Hang: notepad.exe stopped interacting with Windows and was closed. Process id=95560
2023-05-15 08:01:06.299 [INFO] System: Driver disk.sys loaded successfully.
2023-05-15 08:01:06.334 [INFO] Application: outlook.exe started process id=39421 command line=--service.
2023-05-15 08:01:06.413 [WARN] Disk: Disk 2 has been surprise removed.
2023-05-15 08:01:06.572 [ERROR] Service Control Manager: The BITS service terminated unexpectedly with error 0x889D9137.
2023-05-15 08:01:06.667 [INFO] EventLog: The User32 service reported: operation completed.
2023-05-15 08:01:06.778 [WARN] Power-Troubleshooter: The system has resumed from sleep after 107 seconds.
2023-05-15 08:01:06.843 [INFO] Service Control Manager: The Windows Update service entered the stop pending state.
2023-05-15 08:01:06.902 [WARN] Disk: Disk 3 has been surprise removed.
2023-05-15 08:01:07.017 [INFO] Firewall: Allowed connection for explorer.exe on port 18651 from 192.168.217.89.
2023-05-15 08:01:07.112 [INFO] System: Driver tcpip.sys loaded successfully.
2023-05-15 08:01:07.218 [ERROR] Disk: The device, \Device\Harddisk0\DR0, has a bad block.
2023-05-15 08:01:07.338 [ERROR] Application Error: Faulting application name: svchost.exe, version: 11.3.4.5112, time stamp: 0x71bffb71
2023-05-15 08:01:07.465 [WARN] Windows Defender Antivirus: Real-time protection encountered error 0x833FF403 for file C:\\Program Files\\App.
2023-05-15 08:01:07.538 [WARN] Windows Defender Antivirus: Real-time protection encountered error 0x807B3F18 for file D:\\Data.
2023-05-15 08:01:07.615 [INFO] Security: Successful login for user NETWORK SERVICE from workstation DESKTOP-A1B2 ip=192.168.72.117.
2023-05-15 08:01:07.723 [INFO] EventLog: The Winlogon service reported: resource unavailable.
2023-05-15 08:01:07.875 [INFO] Windows Defender Antivirus: Scan {5f9dd529-4231} finished. 10882 files scanned, 5 threats found.
2023-05-15 08:01:07.901 [ERROR] Network: Name resolution for ntp.pool.org failed with error 0x8844923D.
2023-05-15 08:01:08.086 [INFO] EventLog: The Kernel-Power service reported: operation completed.
2023-05-15 08:01:08.123 [ERROR] Network: Name resolution for ad.corp.local failed with error 0x8078AC0F.
2023-05-15 08:01:08.238 [INFO] Network: Interface {75fe3fdd-0000-0000-0000-88dfaa97ff51} connected. IP=192.168.57.115 gateway=192.168.1.1.
2023-05-15 08:01:08.309 [INFO] Security: Successful login for user guest from workstation LAPTOP-XYZ ip=192.168.94.42.
2023-05-15 08:01:08.419 [INFO] Service Control Manager: The Themes service entered the stopped state.
2023-05-15 08:01:08.549 [ERROR] Application Hang: explorer.exe stopped interacting with Windows and was closed. Process id=18561
2023-05-15 08:01:08.612 [INFO] Service Control Manager: The Spooler service entered the paused state.
2023-05-15 08:01:08.732 [ERROR] Application Hang: msedge.exe stopped interacting with Windows and was closed. Process id=7528
2023-05-15 08:01:08.807 [INFO] Security: Successful login for user admin from workstation WS-002 ip=192.168.179.109.
2023-05-15 08:01:08.955 [WARN] TCP/IP: A duplicate IP address 192.168.213.161 was detected on the network.
2023-05-15 08:01:09.013 [INFO] Windows Defender Antivirus: Scan {e4c7ca67-d800} finished. 19388 files scanned, 1 threats found.
2023-05-15 08:01:09.150 [WARN] Power-Troubleshooter: The system has resumed from sleep after 107 seconds.
2023-05-15 08:01:09.256 [INFO] Application: explorer.exe started process id=5312 command line=/background.
2023-05-15 08:01:09.398 [WARN] Power-Troubleshooter: The system has resumed from sleep after 116 seconds.
2023-05-15 08:01:09.421 [ERROR] Service Control Manager: The WSearch service terminated unexpectedly with error 0x8DEA4893.
2023-05-15 08:01:09.583 [INFO] Windows Defender Antivirus: Scan {a0a6c5b4-e7a7} started on C:\\Users\\Admin.
2023-05-15 08:01:09.694 [WARN] TCP/IP: A duplicate IP address 192.168.159.227 was detected on the network.
2023-05-15 08:01:09.749 [ERROR] Disk: The device, \Device\Harddisk0\DR0, has a bad block.
2023-05-15 08:01:09.857 [INFO] Network: Interface {23759f4a-0000-0000-0000-4aa4b3f731b7} connected. IP=192.168.217.89 gateway=192.168.1.1.
2023-05-15 08:01:09.956 [INFO] System: Driver tcpip.sys loaded successfully.
2023-05-15 08:01:10.075 [ERROR] Application Hang: msedge.exe stopped interacting with Windows and was closed. Process id=92804
2023-05-15 08:01:10.174 [ERROR] Disk: The device, \Device\Harddisk1\DR1, has a bad block.
2023-05-15 08:01:10.231 [INFO] Network: Interface {3c306639-0000-0000-0000-ee9c2efe3d84} connected. IP=192.168.56.60 gateway=192.168.0.1.
2023-05-15 08:01:10.328 [INFO] Application: notepad.exe started process id=45917 command line=-start.
2023-05-15 08:01:10.436 [INFO] System: Driver ntfs.sys loaded successfully.
2023-05-15 08:01:10.536 [INFO] Firewall: Allowed connection for outlook.exe on port 56269 from 192.168.174.190.
2023-05-15 08:01:10.678 [INFO] EventLog: The LSASRV service reported: configuration changed.
2023-05-15 08:01:10.797 [ERROR] Service Control Manager: The DHCP Client service terminated unexpectedly with error 0x80584FDC.
2023-05-15 08:01:10.804 [INFO] Security: Successful login for user LOCAL SERVICE from workstation DESKTOP-A1B2 ip=192.168.26.98.
2023-05-15 08:01:10.949 [ERROR] Service Control Manager: The DHCP Client service terminated unexpectedly with error 0x8E71A43D.
2023-05-15 08:01:11.052 [INFO] System: Driver ntfs.sys loaded successfully.
2023-05-15 08:01:11.165 [WARN] Power-Troubleshooter: The system has resumed from sleep after 208 seconds.
2023-05-15 08:01:11.297 [ERROR] Application Error: Faulting application name: outlook.exe, version: 11.5.0.4959, time stamp: 0xa22d2afe
2023-05-15 08:01:11.394 [INFO] Windows Defender Antivirus: Scan {179d02d4-7839} finished. 27092 files scanned, 1 threats found.
2023-05-15 08:01:11.456 [INFO] Service Control Manager: The WSearch service entered the paused state.
2023-05-15 08:01:11.532 [INFO] Firewall: Allowed connection for msedge.exe on port 53952 from 192.168.58.36.
2023-05-15 08:01:11.696 [ERROR] Service Control Manager: The Spooler service terminated unexpectedly with error 0x854CA19B.
2023-05-15 08:01:11.796 [INFO] Service Control Manager: The Windows Update service entered the start pending state.
2023-05-15 08:01:11.828 [INFO] Network: Interface {b155b585-0000-0000-0000-3f12a6a55cfd} connected. IP=192.168.246.196 gateway=10.0.0.1.
2023-05-15 08:01:11.902 [ERROR] Application Error: Faulting application name: outlook.exe, version: 10.0.5.5814, time stamp: 0x48e909f0
2023-05-15 08:01:12.022 [INFO] System: Driver netio.sys loaded successfully.
2023-05-15 08:01:12.147 [INFO] Security: Successful login for user admin from workstation DESKTOP-A1B2 ip=192.168.24.98.
2023-05-15 08:01:12.295 [WARN] Power-Troubleshooter: The system has resumed from sleep after 207 seconds.
2023-05-15 08:01:12.301 [INFO] Windows Defender Antivirus: Scan {ea581e29-18a4} finished. 95925 files scanned, 4 threats found.
2023-05-15 08:01:12.412 [WARN] TCP/IP: A duplicate IP address 192.168.221.93 was detected on the network.
2023-05-15 08:01:12.528 [ERROR] Security: Audit failure for object HKLM\\Software\\App by user user02 sid=S-1-5-21-632434303-310935822-96216581-3778.
2023-05-15 08:01:12.616 [WARN] Power-Troubleshooter: The system has resumed from sleep after 159 seconds.
2023-05-15 08:01:12.700 [INFO] System: Driver tcpip.sys loaded successfully.
2023-05-15 08:01:12.897 [WARN] Service Control Manager: The Themes service failed to start due to access denied.
2023-05-15 08:01:12.955 [INFO] System: Driver volmgr.sys loaded successfully.
2023-05-15 08:01:13.025 [ERROR] Network: Name resolution for update.microsoft.com failed with error 0x8561CAF4.
2023-05-15 08:01:13.135 [INFO] Security: Successful login for user LOCAL SERVICE from workstation WS-001 ip=192.168.179.109.
2023-05-15 08:01:13.217 [WARN] Disk: Disk 3 has been surprise removed.
2023-05-15 08:01:13.315 [WARN] Windows Defender Antivirus: Real-time protection encountered error 0x82CEAF31 for file C:\\Users\\Admin.
2023-05-15 08:01:13.463 [INFO] Service Control Manager: The DHCP Client service entered the stop pending state.
2023-05-15 08:01:13.578 [WARN] Disk: Disk 2 has been surprise removed.
2023-05-15 08:01:13.600 [ERROR] Application Hang: notepad.exe stopped interacting with Windows and was closed. Process id=59839
2023-05-15 08:01:13.740 [INFO] Windows Defender Antivirus: Scan {bdec8d32-c9d0} finished. 55564 files scanned, 3 threats found.
2023-05-15 08:01:13.888 [ERROR] Application Error: Faulting application name: explorer.exe, version: 20.7.4.9167, time stamp: 0x85c2f52d
2023-05-15 08:01:13.948 [ERROR] Application Hang: outlook.exe stopped interacting with Windows and was closed. Process id=91466
2023-05-15 08:01:14.009 [ERROR] Network: Name resolution for ad.corp.local failed with error 0x859B2227.
2023-05-15 08:01:14.192 [ERROR] Network: Name resolution for ad.corp.local failed with error 0x8C964DD5.
2023-05-15 08:01:14.293 [INFO] Security: Successful login for user NETWORK SERVICE from workstation LAPTOP-XYZ ip=192.168.21.219.
2023-05-15 08:01:14.373 [INFO] Windows Defender Antivirus: Scan {ca5943e8-1dbb} started on C:\\Users\\Admin.
2023-05-15 08:01:14.495 [ERROR] Application Error: Faulting application name: chrome.exe, version: 11.0.4.9784, time stamp: 0xc3c36558
2023-05-15 08:01:14.564 [INFO] System: Driver disk.sys loaded successfully.
2023-05-15 08:01:14.686 [ERROR] Application Hang: chrome.exe stopped interacting with Windows and was closed. Process id=7484
2023-05-15 08:01:14.785 [WARN] TCP/IP: A duplicate IP address 192.168.217.89 was detected on the network.
2023-05-15 08:01:14.808 [ERROR] Security: Audit failure for object HKLM\\Software\\App by user user02 sid=S-1-5-21-374184267-449069295-24295715-3521.
2023-05-15 08:01:14.942 [ERROR] Security: Audit failure for object C:\\secret.doc by user admin sid=S-1-5-21-265230512-327805883-78812696-7737.
2023-05-15 08:01:15.059 [INFO] Windows Defender Antivirus: Scan {abd4a2fd-d6e0} started on C:\\Program Files\\App.
2023-05-15 08:01:15.178 [INFO] Firewall: Allowed connection for svchost.exe on port 54369 from 192.168.213.161.
2023-05-15 08:01:15.213 [INFO] Service Control Manager: The WinDefend service entered the stopped state.
2023-05-15 08:01:15.311 [ERROR] Service Control Manager: The WSearch service terminated unexpectedly with error 0x85D1402E.
2023-05-15 08:01:15.434 [ERROR] Application Error: Faulting application name: outlook.exe, version: 4.7.9.8234, time stamp: 0xa44b2371
2023-05-15 08:01:15.597 [ERROR] Disk: The device, \Device\Harddisk0\DR0, has a bad block.
2023-05-15 08:01:15.669 [WARN] Windows Defender Antivirus: Real-time protection encountered error 0x8AADFEBF for file C:\\Users\\Admin.
2023-05-15 08:01:15.731 [ERROR] Security: Audit failure for object \\\\share\\file.txt by user SYSTEM sid=S-1-5-21-340414769-395172655-78636380-8154.
2023-05-15 08:01:15.894 [WARN] TCP/IP: A duplicate IP address 192.168.88.72 was detected on the network.
2023-05-15 08:01:15.981 [INFO] System: Driver disk.sys loaded successfully.
2023-05-15 08:01:16.045 [ERROR] Application Error: Faulting application name: svchost.exe, version: 10.0.1.7077, time stamp: 0x47ca34f6
2023-05-15 08:01:16.194 [ERROR] Service Control Manager: The WinDefend service terminated unexpectedly with error 0x859A032D.
2023-05-15 08:01:16.285 [INFO] Application: msedge.exe started process id=98387 command line=/background.
2023-05-15 08:01:16.381 [INFO] EventLog: The User32 service reported: configuration changed.
2023-05-15 08:01:16.478 [WARN] Service Control Manager: The Windows Update service failed to start due to dependency failure.
2023-05-15 08:01:16.555 [ERROR] Service Control Manager: The Windows Update service terminated unexpectedly with error 0x854129FB.
2023-05-15 08:01:16.600 [WARN] Disk: Disk 2 has been surprise removed.
2023-05-15 08:01:16.714 [INFO] Network: Interface {988fdb71-0000-0000-0000-9933e91d6821} connected. IP=192.168.130.155 gateway=192.168.1.1.
2023-05-15 08:01:16.874 [INFO] Application: notepad.exe started process id=56695 command line=-start.
2023-05-15 08:01:16.925 [INFO] Windows Defender Antivirus: Scan {209ec9c3-500b} finished. 56871 files scanned, 3 threats found.
2023-05-15 08:01:17.032 [INFO] System: Driver tcpip.sys loaded successfully.
2023-05-15 08:01:17.112 [WARN] TCP/IP: A duplicate IP address 192.168.109.9 was detected on the network.
2023-05-15 08:01:17.254 [INFO] Firewall: Allowed connection for msedge.exe on port 18646 from 192.168.57.115.
2023-05-15 08:01:17.347 [INFO] Firewall: Allowed connection for msedge.exe on port 23707 from 192.168.151.72.
2023-05-15 08:01:17.490 [INFO] System: Driver netio.sys loaded successfully.
2023-05-15 08:01:17.568 [WARN] Windows Defender Antivirus: Real-time protection encountered error 0x8DBBBA21 for file C:\\Windows\\System32.
2023-05-15 08:01:17.698 [INFO] Security: Successful login for user SYSTEM from workstation WS-001 ip=192.168.88.72.
2023-05-15 08:01:17.713 [INFO] Service Control Manager: The BITS service entered the paused state.
2023-05-15 08:01:17.821 [ERROR] Application Error: Faulting application name: msedge.exe, version: 20.6.7.419, time stamp: 0x7964c5b4
2023-05-15 08:01:17.904 [WARN] Service Control Manager: The Windows Update service failed to start due to invalid parameter.
2023-05-15 08:01:18.042 [INFO] Windows Defender Antivirus: Scan {2755028b-2a8e} finished. 1466 files scanned, 2 threats found.
2023-05-15 08:01:18.185 [WARN] Disk: Disk 0 has been surprise removed.
2023-05-15 08:01:18.281 [INFO] Service Control Manager: The Spooler service entered the stop pending state.
2023-05-15 08:01:18.341 [ERROR] Application Hang: chrome.exe stopped interacting with Windows and was closed. Process id=11800
2023-05-15 08:01:18.484 [INFO] Network: Interface {876f78fb-0000-0000-0000-9af595709b28} connected. IP=192.168.60.222 gateway=10.0.0.1.
2023-05-15 08:01:18.589 [WARN] Windows Defender Antivirus: Real-time protection encountered error 0x88C85490 for file C:\\Program Files\\App.
2023-05-15 08:01:18.601 [ERROR] Security: Audit failure for object \\\\share\\file.txt by user NETWORK SERVICE sid=S-1-5-21-253357434-692935478-29875393-3965.
2023-05-15 08:01:18.716 [ERROR] Disk: The device, \Device\Harddisk2\DR2, has a bad block.
2023-05-15 08:01:18.852 [INFO] Service Control Manager: The WSearch service entered the paused state.
2023-05-15 08:01:18.944 [ERROR] Application Error: Faulting application name: msedge.exe, version: 19.1.2.1594, time stamp: 0x48cfa8b6
2023-05-15 08:01:19.051 [ERROR] Application Hang: msedge.exe stopped interacting with Windows and was closed. Process id=21083
2023-05-15 08:01:19.186 [WARN] TCP/IP: A duplicate IP address 192.168.142.76 was detected on the network.
2023-05-15 08:01:19.220 [INFO] Network: Interface {247bf656-0000-0000-0000-c59d74518a2f} connected. IP=192.168.151.72 gateway=192.168.1.1.
2023-05-15 08:01:19.337 [INFO] Application: chrome.exe started process id=19258 command line=.
2023-05-15 08:01:19.423 [INFO] Network: Interface {4da10020-0000-0000-0000-3d1497208a86} connected. IP=192.168.75.253 gateway=192.168.0.1.
2023-05-15 08:01:19.547 [INFO] Security: Successful login for user user01 from workstation WS-003 ip=192.168.148.50.
2023-05-15 08:01:19.613 [WARN] Service Control Manager: The DNS Client service failed to start due to invalid parameter.
2023-05-15 08:01:19.770 [INFO] Windows Defender Antivirus: Scan {7d8b643e-7bb4} finished. 44662 files scanned, 0 threats found.
2023-05-15 08:01:19.802 [ERROR] Application Error: Faulting application name: svchost.exe, version: 17.4.8.6023, time stamp: 0x7a017abc
2023-05-15 08:01:19.943 [INFO] Windows Defender Antivirus: Scan {841c3cde-e486} started on C:\\Program Files\\App.
2023-05-15 08:01:20.052 [INFO] Firewall: Allowed connection for outlook.exe on port 57194 from 192.168.87.27.
2023-05-15 08:01:20.176 [INFO] Application: outlook.exe started process id=55168 command line=--service.
2023-05-15 08:01:20.237 [INFO] System: Driver disk.sys loaded successfully.
2023-05-15 08:01:20.300 [INFO] Windows Defender Antivirus: Scan {441fe701-4aec} started on C:\\Users\\Admin.
2023-05-15 08:01:20.481 [INFO] EventLog: The LSASRV service reported: configuration changed.
2023-05-15 08:01:20.506 [INFO] Application: outlook.exe started process id=49443 command line=-start.
2023-05-15 08:01:20.651 [INFO] Firewall: Allowed connection for explorer.exe on port 5050 from 192.168.88.72.
2023-05-15 08:01:20.760 [ERROR] Security: Audit failure for object C:\\secret.doc by user admin sid=S-1-5-21-555581409-957740558-79438761-7920.
2023-05-15 08:01:20.831 [WARN] Windows Defender Antivirus: Real-time protection encountered error 0x8D80E06F for file C:\\Users\\Admin.
2023-05-15 08:01:20.971 [ERROR] Service Control Manager: The Spooler service terminated unexpectedly with error 0x8AE93EEF.
2023-05-15 08:01:21.095 [INFO] System: Driver netio.sys loaded successfully.
2023-05-15 08:01:21.179 [INFO] EventLog: The Winlogon service reported: state transition.
2023-05-15 08:01:21.299 [WARN] Power-Troubleshooter: The system has resumed from sleep after 100 seconds.
2023-05-15 08:01:21.301 [ERROR] Application Error: Faulting application name: notepad.exe, version: 16.9.1.1353, time stamp: 0xf86a5ba5
2023-05-15 08:01:21.481 [INFO] Service Control Manager: The Windows Update service entered the stopped state.
2023-05-15 08:01:21.506 [WARN] Windows Defender Antivirus: Real-time protection encountered error 0x8119A99D for file C:\\Windows\\System32.
2023-05-15 08:01:21.606 [INFO] Windows Defender Antivirus: Scan {da37973b-1478} finished. 11374 files scanned, 4 threats found.
2023-05-15 08:01:21.710 [ERROR] Security: Audit failure for object \\\\share\\file.txt by user user01 sid=S-1-5-21-195048123-360319583-66033776-7453.
2023-05-15 08:01:21.874 [INFO] Security: Successful login for user NETWORK SERVICE from workstation WS-003 ip=192.168.94.42.
2023-05-15 08:01:21.981 [INFO] EventLog: The User32 service reported: operation completed.
2023-05-15 08:01:22.017 [INFO] Network: Interface {93cf176e-0000-0000-0000-a1e302dd8c6b} connected. IP=192.168.21.219 gateway=10.0.0.1.
2023-05-15 08:01:22.150 [WARN] TCP/IP: A duplicate IP address 192.168.7.190 was detected on the network.
2023-05-15 08:01:22.215 [WARN] Service Control Manager: The BITS service failed to start due to dependency failure.
2023-05-15 08:01:22.381 [INFO] EventLog: The Winlogon service reported: operation completed.
2023-05-15 08:01:22.463 [INFO] Firewall: Allowed connection for msedge.exe on port 18972 from 192.168.217.89.
2023-05-15 08:01:22.540 [INFO] Firewall: Allowed connection for explorer.exe on port 60863 from 192.168.142.76.
2023-05-15 08:01:22.622 [INFO] System: Driver volmgr.sys loaded successfully.
2023-05-15 08:01:22.786 [ERROR] Disk: The device, \Device\Harddisk1\DR1, has a bad block.
2023-05-15 08:01:22.833 [INFO] Security: Successful login for user user02 from workstation WS-002 ip=192.168.189.27.
2023-05-15 08:01:22.987 [INFO] Security: Successful login for user SYSTEM from workstation WS-002 ip=192.168.250.237.
2023-05-15 08:01:23.083 [INFO] System: Driver netio.sys loaded successfully.
2023-05-15 08:01:23.197 [ERROR] Application Error: Faulting application name: svchost.exe, version: 10.5.0.5405, time stamp: 0xc89a3e7c
2023-05-15 08:01:23.223 [INFO] Firewall: Allowed connection for svchost.exe on port 53551 from 192.168.12.170.
2023-05-15 08:01:23.374 [ERROR] Network: Name resolution for example.com failed with error 0x83CC68D5.
2023-05-15 08:01:23.498 [INFO] EventLog: The Kernel-Power service reported: resource unavailable.
2023-05-15 08:01:23.527 [INFO] Service Control Manager: The Themes service entered the stopped state.
2023-05-15 08:01:23.616 [WARN] Disk: Disk 3 has been surprise removed.
2023-05-15 08:01:23.753 [ERROR] Application Error: Faulting application name: chrome.exe, version: 6.0.8.3227, time stamp: 0xbf656bef
2023-05-15 08:01:23.855 [INFO] Service Control Manager: The DHCP Client service entered the stop pending state.
2023-05-15 08:01:23.923 [INFO] System: Driver disk.sys loaded successfully.
2023-05-15 08:01:24.017 [ERROR] Application Error: Faulting application name: chrome.exe, version: 12.5.7.3399, time stamp: 0x8571b6d7
2023-05-15 08:01:24.161 [INFO] Firewall: Allowed connection for chrome.exe on port 4773 from 192.168.26.98.
2023-05-15 08:01:24.242 [INFO] Service Control Manager: The DNS Client service entered the start pending state.
2023-05-15 08:01:24.393 [ERROR] Network: Name resolution for ntp.pool.org failed with error 0x8CD0B864.
2023-05-15 08:01:24.431 [ERROR] Security: Audit failure for object \\\\share\\file.txt by user user02 sid=S-1-5-21-110107303-564574335-20330669-9069.
2023-05-15 08:01:24.506 [INFO] EventLog: The User32 service reported: configuration changed.
2023-05-15 08:01:24.645 [INFO] EventLog: The Kernel-Power service reported: resource unavailable.
2023-05-15 08:01:24.794 [WARN] Disk: Disk 1 has been surprise removed.
2023-05-15 08:01:24.866 [INFO] Application: svchost.exe started process id=47924 command line=/background.
2023-05-15 08:01:24.961 [WARN] TCP/IP: A duplicate IP address 192.168.26.98 was detected on the network.
2023-05-15 08:01:25.037 [INFO] Security: Successful login for user user01 from workstation WS-002 ip=192.168.12.170.
2023-05-15 08:01:25.140 [ERROR] Disk: The device, \Device\Harddisk0\DR0, has a bad block.
2023-05-15 08:01:25.222 [WARN] Disk: Disk 2 has been surprise removed.
2023-05-15 08:01:25.338 [INFO] Network: Interface {e29dc973-0000-0000-0000-d84d8ab12c8d} connected. IP=192.168.181.18 gateway=192.168.1.1.
2023-05-15 08:01:25.444 [ERROR] Security: Audit failure for object HKLM\\Software\\App by user SYSTEM sid=S-1-5-21-468857602-122359121-70366677-5407.
2023-05-15 08:01:25.558 [INFO] Network: Interface {588b8a9c-0000-0000-0000-45a353a67d03} connected. IP=192.168.25.92 gateway=192.168.0.1.
2023-05-15 08:01:25.691 [INFO] Firewall: Allowed connection for notepad.exe on port 1154 from 192.168.159.227.
2023-05-15 08:01:25.797 [ERROR] Application Error: Faulting application name: chrome.exe, version: 19.2.3.4654, time stamp: 0xc1bd449c
2023-05-15 08:01:25.848 [INFO] Service Control Manager: The Themes service entered the start pending state.
2023-05-15 08:01:25.918 [WARN] Disk: Disk 0 has been surprise removed.
2023-05-15 08:01:26.061 [ERROR] Application Hang: explorer.exe stopped interacting with Windows and was closed. Process id=28693
2023-05-15 08:01:26.130 [INFO] Windows Defender Antivirus: Scan {e6942cdf-2fc0} started on D:\\Data.
2023-05-15 08:01:26.209 [WARN] Disk: Disk 0 has been surprise removed.
2023-05-15 08:01:26.325 [WARN] TCP/IP: A duplicate IP address 192.168.12.170 was detected on the network.
2023-05-15 08:01:26.427 [INFO] Security: Successful login for user guest from workstation LAPTOP-XYZ ip=192.168.72.117.
2023-05-15 08:01:26.502 [ERROR] Application Error: Faulting application name: svchost.exe, version: 13.8.2.259, time stamp: 0xcd8927fb
2023-05-15 08:01:26.639 [ERROR] Security: Audit failure for object C:\\secret.doc by user LOCAL SERVICE sid=S-1-5-21-332230445-194746366-81394989-7365.
2023-05-15 08:01:26.738 [ERROR] Application Error: Faulting application name: chrome.exe, version: 1.2.3.8266, time stamp: 0x8b190a51
2023-05-15 08:01:26.870 [INFO] EventLog: The Kernel-Power service reported: operation completed.
2023-05-15 08:01:26.977 [WARN] Windows Defender Antivirus: Real-time protection encountered error 0x884AAD08 for file C:\\Windows\\System32.
2023-05-15 08:01:27.037 [WARN] Service Control Manager: The WinDefend service failed to start due to timeout.
2023-05-15 08:01:27.139 [INFO] Service Control Manager: The WinDefend service entered the start pending state.
2023-05-15 08:01:27.283 [INFO] Windows Defender Antivirus: Scan {7b5a9672-2ac9} finished. 84079 files scanned, 3 threats found.
2023-05-15 08:01:27.363 [WARN] Windows Defender Antivirus: Real-time protection encountered error 0x80F9E6C0 for file C:\\Users\\Admin.
2023-05-15 08:01:27.461 [INFO] Security: Successful login for user user02 from workstation WS-003 ip=192.168.130.155.
2023-05-15 08:01:27.554 [INFO] Application: svchost.exe started process id=52398 command line=/background.
2023-05-15 08:01:27.621 [ERROR] Network: Name resolution for update.microsoft.com failed with error 0x80889CC8.
2023-05-15 08:01:27.798 [ERROR] Service Control Manager: The DNS Client service terminated unexpectedly with error 0x8C9A5D0D.
2023-05-15 08:01:27.802 [WARN] Power-Troubleshooter: The system has resumed from sleep after 126 seconds.
2023-05-15 08:01:27.981 [ERROR] Network: Name resolution for example.com failed with error 0x8FA22887.
2023-05-15 08:01:28.007 [WARN] Disk: Disk 3 has been surprise removed.
2023-05-15 08:01:28.125 [INFO] EventLog: The User32 service reported: state transition.
2023-05-15 08:01:28.289 [WARN] Disk: Disk 2 has been surprise removed.
2023-05-15 08:01:28.343 [INFO] Security: Successful login for user LOCAL SERVICE from workstation LAPTOP-XYZ ip=192.168.189.27.
2023-05-15 08:01:28.488 [WARN] TCP/IP: A duplicate IP address 192.168.87.27 was detected on the network.
2023-05-15 08:01:28.578 [INFO] Application: outlook.exe started process id=87895 command line=.
2023-05-15 08:01:28.615 [INFO] Application: chrome.exe started process id=35816 command line=-start.
2023-05-15 08:01:28.727 [WARN] TCP/IP: A duplicate IP address 192.168.59.198 was detected on the network.
2023-05-15 08:01:28.894 [ERROR] Network: Name resolution for ntp.pool.org failed with error 0x88665464.
2023-05-15 08:01:28.924 [WARN] Disk: Disk 2 has been surprise removed.
2023-05-15 08:01:29.031 [ERROR] Network: Name resolution for ntp.pool.org failed with error 0x84FEBC9A.
2023-05-15 08:01:29.139 [WARN] Service Control Manager: The DHCP Client service failed to start due to file not found.
2023-05-15 08:01:29.233 [ERROR] Network: Name resolution for ntp.pool.org failed with error 0x80CE5B05.
2023-05-15 08:01:29.380 [INFO] Windows Defender Antivirus: Scan {ed2e033a-d37a} finished. 56351 files scanned, 4 threats found.
2023-05-15 08:01:29.456 [INFO] Application: svchost.exe started process id=12184 command line=--service.
2023-05-15 08:01:29.599 [WARN] Power-Troubleshooter: The system has resumed from sleep after 137 seconds.
2023-05-15 08:01:29.638 [WARN] Windows Defender Antivirus: Real-time protection encountered error 0x83007C07 for file C:\\Windows\\System32.
2023-05-15 08:01:29.738 [INFO] EventLog: The Winlogon service reported: configuration changed.
2023-05-15 08:01:29.800 [INFO] Security: Successful login for user NETWORK SERVICE from workstation WS-003 ip=192.168.142.76.
2023-05-15 08:01:29.948 [INFO] Security: Successful login for user user02 from workstation WS-003 ip=192.168.138.32.
2023-05-15 08:01:30.057 [ERROR] Service Control Manager: The DHCP Client service terminated unexpectedly with error 0x8FC632F6.
2023-05-15 08:01:30.128 [INFO] Windows Defender Antivirus: Scan {312b7709-50ef} started on D:\\Data.
2023-05-15 08:01:30.269 [WARN] Disk: Disk 2 has been surprise removed.
2023-05-15 08:01:30.319 [INFO] Windows Defender Antivirus: Scan {15002962-eb40} finished. 38046 files scanned, 1 threats found.
2023-05-15 08:01:30.479 [ERROR] Security: Audit failure for object \\\\share\\file.txt by user NETWORK SERVICE sid=S-1-5-21-172670133-334595264-79713086-3166.
2023-05-15 08:01:30.525 [ERROR] Application Error: Faulting application name: msedge.exe, version: 8.5.1.2130, time stamp: 0x9dcc4d11
2023-05-15 08:01:30.617 [INFO] Network: Interface {15c656cc-0000-0000-0000-76b0c99979a6} connected. IP=192.168.246.196 gateway=10.0.0.1.
2023-05-15 08:01:30.703 [ERROR] Security: Audit failure for object C:\\secret.doc by user LOCAL SERVICE sid=S-1-5-21-447874612-365838378-69601581-7720.
2023-05-15 08:01:30.825 [ERROR] Application Hang: chrome.exe stopped interacting with Windows and was closed. Process id=63984
2023-05-15 08:01:30.990 [INFO] Windows Defender Antivirus: Scan {de398ee9-5f49} finished. 53668 files scanned, 1 threats found.
2023-05-15 08:01:31.029 [INFO] Service Control Manager: The BITS service entered the start pending state.
2023-05-15 08:01:31.164 [WARN] Windows Defender Antivirus: Real-time protection encountered error 0x84E9B5FC for file C:\\Program Files\\App.
2023-05-15 08:01:31.225 [INFO] EventLog: The LSASRV service reported: state transition.
2023-05-15 08:01:31.349 [ERROR] Application Hang: msedge.exe stopped interacting with Windows and was closed. Process id=38017
2023-05-15 08:01:31.460 [INFO] Security: Successful login for user NETWORK SERVICE from workstation LAPTOP-XYZ ip=192.168.207.12.
2023-05-15 08:01:31.589 [INFO] EventLog: The Kernel-General service reported: resource unavailable.
2023-05-15 08:01:31.608 [WARN] Service Control Manager: The WinDefend service failed to start due to file not found.
2023-05-15 08:01:31.702 [INFO] Application: svchost.exe started process id=59769 command line=/background.
2023-05-15 08:01:31.833 [INFO] Network: Interface {1aeec8d4-0000-0000-0000-43eab83e7321} connected. IP=192.168.164.29 gateway=192.168.1.1.
2023-05-15 08:01:31.971 [INFO] Windows Defender Antivirus: Scan {b42c150f-4fa3} started on C:\\Windows\\System32.
2023-05-15 08:01:32.007 [INFO] System: Driver netio.sys loaded successfully.
2023-05-15 08:01:32.175 [INFO] System: Driver tcpip.sys loaded successfully.
2023-05-15 08:01:32.229 [ERROR] Network: Name resolution for ntp.pool.org failed with error 0x8AA96C63.
2023-05-15 08:01:32.383 [INFO] Network: Interface {bb6be073-0000-0000-0000-9954df6340c8} connected. IP=192.168.59.198 gateway=10.0.0.1.
2023-05-15 08:01:32.431 [WARN] Power-Troubleshooter: The system has resumed from sleep after 26 seconds.
2023-05-15 08:01:32.519 [ERROR] Disk: The device, \Device\Harddisk3\DR3, has a bad block.
2023-05-15 08:01:32.655 [INFO] Firewall: Allowed connection for svchost.exe on port 29141 from 192.168.97.21.
2023-05-15 08:01:32.742 [WARN] Windows Defender Antivirus: Real-time protection encountered error 0x84B088E1 for file C:\\Program Files\\App.
2023-05-15 08:01:32.884 [INFO] Firewall: Allowed connection for outlook.exe on port 55107 from 192.168.21.219.
2023-05-15 08:01:32.928 [INFO] Windows Defender Antivirus: Scan {a700abb0-1806} started on C:\\Windows\\System32.
2023-05-15 08:01:33.016 [WARN] TCP/IP: A duplicate IP address 192.168.213.161 was detected on the network.
2023-05-15 08:01:33.162 [INFO] System: Driver disk.sys loaded successfully.
2023-05-15 08:01:33.259 [ERROR] Security: Audit failure for object \\\\share\\file.txt by user SYSTEM sid=S-1-5-21-369575884-676267690-83043949-7437.
2023-05-15 08:01:33.384 [INFO] System: Driver tcpip.sys loaded successfully.
2023-05-15 08:01:33.475 [ERROR] Network: Name resolution for update.microsoft.com failed with error 0x82BFE362.
2023-05-15 08:01:33.534 [INFO] Service Control Manager: The DNS Client service entered the paused state.
2023-05-15 08:01:33.644 [INFO] Windows Defender Antivirus: Scan {16fe88d3-48f4} started on C:\\Users\\Admin.
2023-05-15 08:01:33.708 [ERROR] Application Hang: explorer.exe stopped interacting with Windows and was closed. Process id=5908
2023-05-15 08:01:33.803 [ERROR] Application Error: Faulting application name: msedge.exe, version: 2.7.8.1691, time stamp: 0x2c536e83
2023-05-15 08:01:33.979 [INFO] Network: Interface {4b7c1560-0000-0000-0000-ba633bb91fa9} connected. IP=192.168.167.180 gateway=10.0.0.1.
2023-05-15 08:01:34.019 [ERROR] Service Control Manager: The Spooler service terminated unexpectedly with error 0x8646416D.
2023-05-15 08:01:34.117 [ERROR] Application Hang: svchost.exe stopped interacting with Windows and was closed. Process id=5374
2023-05-15 08:01:34.246 [WARN] TCP/IP: A duplicate IP address 192.168.159.227 was detected on the network.
2023-05-15 08:01:34.300 [WARN] TCP/IP: A duplicate IP address 192.168.164.29 was detected on the network.
2023-05-15 08:01:34.417 [INFO] Windows Defender Antivirus: Scan {97e62a56-ea8b} started on C:\\Program Files\\App.
2023-05-15 08:01:34.585 [INFO] Service Control Manager: The WSearch service entered the stopped state.
2023-05-15 08:01:34.690 [INFO] Windows Defender Antivirus: Scan {67e1d096-33d1} finished. 83339 files scanned, 3 threats found.
2023-05-15 08:01:34.745 [ERROR] Disk: The device, \Device\Harddisk0\DR0, has a bad block.
2023-05-15 08:01:34.874 [ERROR] Service Control Manager: The BITS service terminated unexpectedly with error 0x8FABABA4.
2023-05-15 08:01:34.901 [WARN] TCP/IP: A duplicate IP address 192.168.189.27 was detected on the network.
2023-05-15 08:01:35.023 [ERROR] Disk: The device, \Device\Harddisk3\DR3, has a bad block.
2023-05-15 08:01:35.114 [INFO] Service Control Manager: The WinDefend service entered the stopped state.
2023-05-15 08:01:35.214 [ERROR] Network: Name resolution for ntp.pool.org failed with error 0x848E1819.
2023-05-15 08:01:35.303 [WARN] Power-Troubleshooter: The system has resumed from sleep after 1 seconds.
2023-05-15 08:01:35.442 [ERROR] Disk: The device, \Device\Harddisk1\DR1, has a bad block.
2023-05-15 08:01:35.520 [INFO] Network: Interface {416f6e03-0000-0000-0000-84befbee6066} connected. IP=192.168.142.76 gateway=10.0.0.1.
2023-05-15 08:01:35.628 [WARN] TCP/IP: A duplicate IP address 192.168.167.180 was detected on the network.
2023-05-15 08:01:35.798 [WARN] Service Control Manager: The Themes service failed to start due to access denied.
2023-05-15 08:01:35.849 [INFO] EventLog: The Winlogon service reported: operation completed.
2023-05-15 08:01:35.991 [INFO] EventLog: The Kernel-Power service reported: state transition.
2023-05-15 08:01:36.072 [ERROR] Service Control Manager: The Windows Update service terminated unexpectedly with error 0x8C56D8B0.
2023-05-15 08:01:36.127 [INFO] EventLog: The LSASRV service reported: resource unavailable.
2023-05-15 08:01:36.252 [WARN] Disk: Disk 3 has been surprise removed.
2023-05-15 08:01:36.337 [ERROR] Service Control Manager: The Themes service terminated unexpectedly with error 0x81B75678.
2023-05-15 08:01:36.486 [WARN] Power-Troubleshooter: The system has resumed from sleep after 185 seconds.
2023-05-15 08:01:36.500 [INFO] Service Control Manager: The WSearch service entered the paused state.
2023-05-15 08:01:36.643 [ERROR] Application Hang: msedge.exe stopped interacting with Windows and was closed. Process id=5635
2023-05-15 08:01:36.787 [INFO] Service Control Manager: The WSearch service entered the running state.
2023-05-15 08:01:36.862 [INFO] System: Driver ntfs.sys loaded successfully.
2023-05-15 08:01:36.988 [ERROR] Disk: The device, \Device\Harddisk2\DR2, has a bad block.
2023-05-15 08:01:37.064 [INFO] Service Control Manager: The WSearch service entered the paused state.
2023-05-15 08:01:37.182 [ERROR] Network: Name resolution for example.com failed with error 0x8D936AD1.
2023-05-15 08:01:37.200 [WARN] Windows Defender Antivirus: Real-time protection encountered error 0x82BD3C03 for file C:\\Program Files\\App.
2023-05-15 08:01:37.373 [ERROR] Security: Audit failure for object C:\\secret.doc by user SYSTEM sid=S-1-5-21-542686437-189375576-99884390-1879.
2023-05-15 08:01:37.488 [INFO] Service Control Manager: The Windows Update service entered the start pending state.
2023-05-15 08:01:37.578 [WARN] TCP/IP: A duplicate IP address 192.168.246.196 was detected on the network.
2023-05-15 08:01:37.678 [INFO] System: Driver volmgr.sys loaded successfully.
2023-05-15 08:01:37.766 [INFO] Windows Defender Antivirus: Scan {e1c9ebde-dc05} started on C:\\Program Files\\App.
2023-05-15 08:01:37.863 [WARN] Service Control Manager: The BITS service failed to start due to access denied.
2023-05-15 08:01:37.910 [INFO] Security: Successful login for user guest from workstation LAPTOP-XYZ ip=192.168.229.140.
2023-05-15 08:01:38.078 [INFO] Application: notepad.exe started process id=82221 command line=.
2023-05-15 08:01:38.146 [INFO] Security: Successful login for user user01 from workstation DESKTOP-A1B2 ip=192.168.179.109.
2023-05-15 08:01:38.283 [WARN] Power-Troubleshooter: The system has resumed from sleep after 231 seconds.
2023-05-15 08:01:38.337 [INFO] Network: Interface {9b29c92e-0000-0000-0000-13abb2d2c3a7} connected. IP=192.168.51.184 gateway=192.168.0.1.
2023-05-15 08:01:38.431 [INFO] Windows Defender Antivirus: Scan {b0e3fbf5-eac1} finished. 44479 files scanned, 1 threats found.
2023-05-15 08:01:38.592 [INFO] Windows Defender Antivirus: Scan {e082804c-adec} finished. 12049 files scanned, 5 threats found.
2023-05-15 08:01:38.643 [INFO] System: Driver netio.sys loaded successfully.
2023-05-15 08:01:38.753 [ERROR] Security: Audit failure for object HKLM\\Software\\App by user user01 sid=S-1-5-21-721532517-954444866-70380282-8506.
2023-05-15 08:01:38.888 [ERROR] Application Hang: svchost.exe stopped interacting with Windows and was closed. Process id=37508
2023-05-15 08:01:38.992 [ERROR] Application Error: Faulting application name: notepad.exe, version: 20.5.3.969, time stamp: 0x25cbf2d9
2023-05-15 08:01:39.021 [ERROR] Security: Audit failure for object \\\\share\\file.txt by user user02 sid=S-1-5-21-450122924-533469775-71523286-1346.
2023-05-15 08:01:39.128 [ERROR] Security: Audit failure for object HKLM\\Software\\App by user SYSTEM sid=S-1-5-21-575786219-223193547-50313972-9420.
2023-05-15 08:01:39.226 [ERROR] Network: Name resolution for update.microsoft.com failed with error 0x89946F2A.
2023-05-15 08:01:39.304 [INFO] Windows Defender Antivirus: Scan {b173eba1-72be} started on C:\\Program Files\\App.
2023-05-15 08:01:39.408 [WARN] Service Control Manager: The Spooler service failed to start due to access denied.
2023-05-15 08:01:39.506 [INFO] Firewall: Allowed connection for outlook.exe on port 7680 from 192.168.174.190.
2023-05-15 08:01:39.689 [ERROR] Disk: The device, \Device\Harddisk1\DR1, has a bad block.
2023-05-15 08:01:39.750 [INFO] Windows Defender Antivirus: Scan {12e78484-ebb6} finished. 90642 files scanned, 4 threats found.
2023-05-15 08:01:39.844 [WARN] Service Control Manager: The Windows Update service failed to start due to timeout.
2023-05-15 08:01:39.903 [ERROR] Network: Name resolution for ad.corp.local failed with error 0x818DC5A8.
2023-05-15 08:01:40.014 [WARN] Windows Defender Antivirus: Real-time protection encountered error 0x8ACE26D9 for file C:\\Program Files\\App.
2023-05-15 08:01:40.166 [ERROR] Service Control Manager: The WSearch service terminated unexpectedly with error 0x87884784.
2023-05-15 08:01:40.269 [WARN] Power-Troubleshooter: The system has resumed from sleep after 134 seconds.
2023-05-15 08:01:40.332 [INFO] EventLog: The LSASRV service reported: state transition.
2023-05-15 08:01:40.493 [INFO] System: Driver netio.sys loaded successfully.
2023-05-15 08:01:40.532 [ERROR] Application Error: Faulting application name: chrome.exe, version: 2.8.1.1140, time stamp: 0x4060b97b
2023-05-15 08:01:40.643 [ERROR] Disk: The device, \Device\Harddisk2\DR2, has a bad block.
2023-05-15 08:01:40.711 [INFO] Network: Interface {b98a221b-0000-0000-0000-58d9c87ce81d} connected. IP=192.168.159.227 gateway=10.0.0.1.
2023-05-15 08:01:40.868 [ERROR] Application Error: Faulting application name: msedge.exe, version: 10.2.3.5134, time stamp: 0xc6b0a726
2023-05-15 08:01:40.938 [ERROR] Application Hang: notepad.exe stopped interacting with Windows and was closed. Process id=45780
2023-05-15 08:01:41.031 [WARN] Windows Defender Antivirus: Real-time protection encountered error 0x8FDBC444 for file C:\\Windows\\System32.
2023-05-15 08:01:41.124 [INFO] Network: Interface {1f768f1d-0000-0000-0000-78ba9d502e63} connected. IP=192.168.159.227 gateway=10.0.0.1.
2023-05-15 08:01:41.256 [ERROR] Application Hang: msedge.exe stopped interacting with Windows and was closed. Process id=99495
2023-05-15 08:01:41.319 [WARN] Power-Troubleshooter: The system has resumed from sleep after 229 seconds.
2023-05-15 08:01:41.461 [INFO] Windows Defender Antivirus: Scan {3df711ce-75af} started on C:\\Users\\Admin.
2023-05-15 08:01:41.563 [WARN] Service Control Manager: The BITS service failed to start due to dependency failure.
2023-05-15 08:01:41.651 [INFO] Network: Interface {cbbcc3e6-0000-0000-0000-c6e1b2ef1b61} connected. IP=192.168.94.42 gateway=192.168.1.1.
2023-05-15 08:01:41.759 [INFO] Windows Defender Antivirus: Scan {b54a9c07-8ca3} finished. 35408 files scanned, 3 threats found.
2023-05-15 08:01:41.876 [ERROR] Network: Name resolution for example.com failed with error 0x86F756FD.
2023-05-15 08:01:41.974 [ERROR] Security: Audit failure for object C:\\secret.doc by user user01 sid=S-1-5-21-419806433-989958222-86268059-9714.
2023-05-15 08:01:42.046 [WARN] Service Control Manager: The BITS service failed to start due to access denied.
2023-05-15 08:01:42.176 [WARN] Power-Troubleshooter: The system has resumed from sleep after 114 seconds.
2023-05-15 08:01:42.261 [INFO] Windows Defender Antivirus: Scan {114d7938-dc04} finished. 76155 files scanned, 0 threats found.
2023-05-15 08:01:42.364 [WARN] Power-Troubleshooter: The system has resumed from sleep after 223 seconds.
2023-05-15 08:01:42.441 [ERROR] Service Control Manager: The Windows Update service terminated unexpectedly with error 0x8CE7A480.
2023-05-15 08:01:42.553 [INFO] Windows Defender Antivirus: Scan {1b8a48fb-92f1} started on D:\\Data.
2023-05-15 08:01:42.605 [ERROR] Network: Name resolution for example.com failed with error 0x8CF6414A.
2023-05-15 08:01:42.737 [INFO] Windows Defender Antivirus: Scan {6058dd61-9569} started on C:\\Users\\Admin.
2023-05-15 08:01:42.884 [WARN] Service Control Manager: The WinDefend service failed to start due to invalid parameter.
2023-05-15 08:01:42.972 [ERROR] Application Hang: msedge.exe stopped interacting with Windows and was closed. Process id=3263
2023-05-15 08:01:43.062 [INFO] Application: notepad.exe started process id=1905 command line=.
2023-05-15 08:01:43.136 [INFO] Windows Defender Antivirus: Scan {2e2d5c82-9deb} finished. 6400 files scanned, 5 threats found.
2023-05-15 08:01:43.269 [WARN] TCP/IP: A duplicate IP address 192.168.142.76 was detected on the network.
2023-05-15 08:01:43.333 [INFO] Windows Defender Antivirus: Scan {51b419ca-19c3} finished. 35905 files scanned, 3 threats found.
2023-05-15 08:01:43.460 [INFO] Security: Successful login for user guest from workstation DESKTOP-A1B2 ip=192.168.25.92.
2023-05-15 08:01:43.550 [WARN] Disk: Disk 0 has been surprise removed.
2023-05-15 08:01:43.613 [WARN] Service Control Manager: The WSearch service failed to start due to file not found.
2023-05-15 08:01:43.713 [WARN] Service Control Manager: The Windows Update service failed to start due to dependency failure.
2023-05-15 08:01:43.801 [INFO] Application: msedge.exe started process id=6915 command line=--service.
2023-05-15 08:01:43.923 [INFO] Windows Defender Antivirus: Scan {ec8c456b-5f8c} started on C:\\Users\\Admin.
2023-05-15 08:01:44.038 [INFO] Security: Successful login for user LOCAL SERVICE from workstation WS-001 ip=192.168.179.109.
2023-05-15 08:01:44.115 [WARN] TCP/IP: A duplicate IP address 192.168.75.253 was detected on the network.
2023-05-15 08:01:44.211 [INFO] Service Control Manager: The WSearch service entered the running state.
2023-05-15 08:01:44.316 [INFO] Service Control Manager: The Windows Update service entered the stopped state.
2023-05-15 08:01:44.451 [ERROR] Application Hang: notepad.exe stopped interacting with Windows and was closed. Process id=60043
2023-05-15 08:01:44.592 [WARN] Windows Defender Antivirus: Real-time protection encountered error 0x8E177622 for file C:\\Windows\\System32.
2023-05-15 08:01:44.603 [WARN] Service Control Manager: The WSearch service failed to start due to dependency failure.
2023-05-15 08:01:44.750 [WARN] Windows Defender Antivirus: Real-time protection encountered error 0x87E55389 for file C:\\Windows\\System32.
2023-05-15 08:01:44.824 [WARN] TCP/IP: A duplicate IP address 192.168.213.161 was detected on the network.
2023-05-15 08:01:44.912 [INFO] Firewall: Allowed connection for svchost.exe on port 63454 from 192.168.167.180.
2023-05-15 08:01:45.028 [WARN] Windows Defender Antivirus: Real-time protection encountered error 0x8C9EF402 for file C:\\Windows\\System32.
2023-05-15 08:01:45.180 [INFO] Network: Interface {880e9430-0000-0000-0000-ba211a82cc30} connected. IP=192.168.148.50 gateway=10.0.0.1.
2023-05-15 08:01:45.262 [INFO] Network: Interface {fd8aad7e-0000-0000-0000-9614c195842c} connected. IP=192.168.71.63 gateway=192.168.0.1.
2023-05-15 08:01:45.346 [WARN] Windows Defender Antivirus: Real-time protection encountered error 0x8E2FF16E for file C:\\Program Files\\App.
2023-05-15 08:01:45.431 [INFO] System: Driver tcpip.sys loaded successfully.
2023-05-15 08:01:45.526 [WARN] Power-Troubleshooter: The system has resumed from sleep after 91 seconds.
2023-05-15 08:01:45.662 [INFO] Firewall: Allowed connection for notepad.exe on port 12962 from 192.168.140.108.
2023-05-15 08:01:45.743 [WARN] Power-Troubleshooter: The system has resumed from sleep after 12 seconds.
2023-05-15 08:01:45.875 [INFO] Service Control Manager: The Themes service entered the stopped state.
2023-05-15 08:01:45.934 [ERROR] Security: Audit failure for object HKLM\\Software\\App by user admin sid=S-1-5-21-588626297-666624616-37512612-9812.
2023-05-15 08:01:46.063 [ERROR] Security: Audit failure for object \\\\share\\file.txt by user NETWORK SERVICE sid=S-1-5-21-950253920-812127340-62339589-5199.
2023-05-15 08:01:46.179 [ERROR] Security: Audit failure for object \\\\share\\file.txt by user NETWORK SERVICE sid=S-1-5-21-270675188-321966737-97103763-1618.
2023-05-15 08:01:46.225 [WARN] Windows Defender Antivirus: Real-time protection encountered error 0x8B6EDBEC for file C:\\Users\\Admin.
2023-05-15 08:01:46.387 [INFO] Windows Defender Antivirus: Scan {d210735d-c15f} finished. 67887 files scanned, 1 threats found.
2023-05-15 08:01:46.405 [WARN] TCP/IP: A duplicate IP address 192.168.163.214 was detected on the network.
2023-05-15 08:01:46.503 [INFO] System: Driver tcpip.sys loaded successfully.
2023-05-15 08:01:46.627 [ERROR] Application Error: Faulting application name: svchost.exe, version: 11.4.7.7405, time stamp: 0xb0a97004
2023-05-15 08:01:46.746 [ERROR] Security: Audit failure for object C:\\secret.doc by user admin sid=S-1-5-21-827722519-705203689-55757391-7910.
2023-05-15 08:01:46.843 [ERROR] Service Control Manager: The DHCP Client service terminated unexpectedly with error 0x8676712C.
2023-05-15 08:01:46.947 [ERROR] Disk: The device, \Device\Harddisk2\DR2, has a bad block.
2023-05-15 08:01:47.013 [WARN] TCP/IP: A duplicate IP address 192.168.167.180 was detected on the network.
2023-05-15 08:01:47.112 [WARN] Service Control Manager: The DHCP Client service failed to start due to file not found.
2023-05-15 08:01:47.252 [WARN] Power-Troubleshooter: The system has resumed from sleep after 143 seconds.
2023-05-15 08:01:47.318 [INFO] System: Driver ntfs.sys loaded successfully.
2023-05-15 08:01:47.490 [INFO] Firewall: Allowed connection for chrome.exe on port 62911 from 192.168.246.196.
2023-05-15 08:01:47.554 [ERROR] Disk: The device, \Device\Harddisk2\DR2, has a bad block.
2023-05-15 08:01:47.610 [INFO] Application: outlook.exe started process id=34186 command line=--service.
2023-05-15 08:01:47.791 [ERROR] Service Control Manager: The BITS service terminated unexpectedly with error 0x8D8BCA48.
2023-05-15 08:01:47.812 [INFO] Windows Defender Antivirus: Scan {450b88e6-4457} started on C:\\Windows\\System32.
2023-05-15 08:01:47.936 [INFO] EventLog: The Kernel-General service reported: state transition.
2023-05-15 08:01:48.086 [INFO] System: Driver ntfs.sys loaded successfully.
2023-05-15 08:01:48.173 [INFO] System: Driver ntfs.sys loaded successfully.
2023-05-15 08:01:48.203 [INFO] System: Driver netio.sys loaded successfully.
2023-05-15 08:01:48.336 [INFO] Security: Successful login for user guest from workstation WS-003 ip=192.168.229.140.
2023-05-15 08:01:48.456 [INFO] EventLog: The Kernel-Power service reported: operation completed.
2023-05-15 08:01:48.590 [WARN] Service Control Manager: The Windows Update service failed to start due to file not found.
2023-05-15 08:01:48.665 [WARN] Disk: Disk 3 has been surprise removed.
2023-05-15 08:01:48.775 [INFO] Service Control Manager: The BITS service entered the running state.
2023-05-15 08:01:48.884 [ERROR] Application Error: Faulting application name: notepad.exe, version: 4.9.2.2446, time stamp: 0x1973834e
2023-05-15 08:01:48.986 [ERROR] Application Error: Faulting application name: svchost.exe, version: 5.1.7.8136, time stamp: 0x531b9f9f
2023-05-15 08:01:49.086 [WARN] TCP/IP: A duplicate IP address 192.168.130.155 was detected on the network.
2023-05-15 08:01:49.115 [INFO] Windows Defender Antivirus: Scan {4ecd0223-d3c0} started on D:\\Data.
2023-05-15 08:01:49.284 [INFO] EventLog: The User32 service reported: operation completed.
2023-05-15 08:01:49.347 [ERROR] Application Hang: svchost.exe stopped interacting with Windows and was closed. Process id=10005
2023-05-15 08:01:49.462 [ERROR] Application Error: Faulting application name: chrome.exe, version: 13.9.4.3732, time stamp: 0xd6259102
2023-05-15 08:01:49.563 [ERROR] Service Control Manager: The WinDefend service terminated unexpectedly with error 0x86B971A8.
2023-05-15 08:01:49.656 [INFO] Windows Defender Antivirus: Scan {8543212f-6e93} started on D:\\Data.
2023-05-15 08:01:49.737 [INFO] System: Driver volmgr.sys loaded successfully.
2023-05-15 08:01:49.814 [INFO] EventLog: The LSASRV service reported: configuration changed.
2023-05-15 08:01:49.990 [ERROR] Application Error: Faulting application name: chrome.exe, version: 19.9.4.8253, time stamp: 0x2ce736df
2023-05-15 08:01:50.059 [WARN] Windows Defender Antivirus: Real-time protection encountered error 0x8CE76342 for file C:\\Users\\Admin.
2023-05-15 08:01:50.169 [INFO] Network: Interface {c1a01162-0000-0000-0000-a3a3a3a6d436} connected. IP=192.168.151.72 gateway=192.168.1.1.
2023-05-15 08:01:50.293 [INFO] Application: chrome.exe started process id=42043 command line=--service.
2023-05-15 08:01:50.344 [INFO] Firewall: Allowed connection for outlook.exe on port 52082 from 192.168.189.27.
2023-05-15 08:01:50.458 [WARN] Disk: Disk 1 has been surprise removed.
2023-05-15 08:01:50.573 [INFO] System: Driver netio.sys loaded successfully.
2023-05-15 08:01:50.608 [ERROR] Network: Name resolution for example.com failed with error 0x8AA6630A.
2023-05-15 08:01:50.753 [WARN] Service Control Manager: The DNS Client service failed to start due to access denied.
2023-05-15 08:01:50.811 [ERROR] Application Hang: svchost.exe stopped interacting with Windows and was closed. Process id=99319
2023-05-15 08:01:50.938 [WARN] Disk: Disk 0 has been surprise removed.
2023-05-15 08:01:51.026 [INFO] Windows Defender Antivirus: Scan {9b41d6a0-2655} finished. 6069 files scanned, 1 threats found.
2023-05-15 08:01:51.184 [WARN] Disk: Disk 2 has been surprise removed.
2023-05-15 08:01:51.260 [INFO] Windows Defender Antivirus: Scan {db7f47c9-d7f6} finished. 93262 files scanned, 4 threats found.
2023-05-15 08:01:51.313 [INFO] System: Driver disk.sys loaded successfully.
2023-05-15 08:01:51.471 [ERROR] Disk: The device, \Device\Harddisk0\DR0, has a bad block.
2023-05-15 08:01:51.599 [INFO] Application: notepad.exe started process id=93826 command line=.
2023-05-15 08:01:51.607 [INFO] Security: Successful login for user user02 from workstation DESKTOP-A1B2 ip=192.168.229.140.
2023-05-15 08:01:51.727 [INFO] Application: chrome.exe started process id=87456 command line=/background.
2023-05-15 08:01:51.815 [INFO] Windows Defender Antivirus: Scan {936fe96e-29e1} started on D:\\Data.
2023-05-15 08:01:51.913 [INFO] Network: Interface {42a3b4be-0000-0000-0000-e7c6ba9513e9} connected. IP=192.168.151.72 gateway=192.168.1.1.
2023-05-15 08:01:52.085 [INFO] Windows Defender Antivirus: Scan {e601f36b-fb8f} finished. 83996 files scanned, 1 threats found.
2023-05-15 08:01:52.117 [INFO] Security: Successful login for user user02 from workstation WS-002 ip=192.168.24.98.
2023-05-15 08:01:52.289 [INFO] Firewall: Allowed connection for explorer.exe on port 1916 from 192.168.12.170.
2023-05-15 08:01:52.371 [ERROR] Application Hang: chrome.exe stopped interacting with Windows and was closed. Process id=2141
2023-05-15 08:01:52.413 [WARN] Service Control Manager: The DNS Client service failed to start due to access denied.
2023-05-15 08:01:52.539 [ERROR] Application Hang: explorer.exe stopped interacting with Windows and was closed. Process id=67652
2023-05-15 08:01:52.634 [ERROR] Network: Name resolution for ntp.pool.org failed with error 0x86AD69AB.
2023-05-15 08:01:52.799 [INFO] Service Control Manager: The DNS Client service entered the running state.
2023-05-15 08:01:52.832 [WARN] Power-Troubleshooter: The system has resumed from sleep after 215 seconds.
2023-05-15 08:01:52.916 [INFO] Firewall: Allowed connection for chrome.exe on port 36800 from 192.168.207.12.
2023-05-15 08:01:53.074 [ERROR] Network: Name resolution for example.com failed with error 0x84D2E3AE.
2023-05-15 08:01:53.136 [INFO] Application: svchost.exe started process id=46977 command line=-start.
2023-05-15 08:01:53.279 [INFO] Windows Defender Antivirus: Scan {13047d1c-3b57} finished. 16059 files scanned, 1 threats found.
2023-05-15 08:01:53.332 [WARN] Disk: Disk 3 has been surprise removed.
2023-05-15 08:01:53.420 [INFO] Windows Defender Antivirus: Scan {f4f7d6ad-bdc4} started on D:\\Data.
2023-05-15 08:01:53.526 [INFO] Application: chrome.exe started process id=64238 command line=--service.
2023-05-15 08:01:53.627 [WARN] TCP/IP: A duplicate IP address 192.168.164.29 was detected on the network.
2023-05-15 08:01:53.706 [WARN] Power-Troubleshooter: The system has resumed from sleep after 15 seconds.
2023-05-15 08:01:53.808 [INFO] Application: notepad.exe started process id=47895 command line=.
2023-05-15 08:01:53.917 [INFO] Application: outlook.exe started process id=90921 command line=--service.
2023-05-15 08:01:54.085 [INFO] Service Control Manager: The DNS Client service entered the paused state.
2023-05-15 08:01:54.171 [ERROR] Application Error: Faulting application name: msedge.exe, version: 11.5.2.1156, time stamp: 0x8db2ed19
2023-05-15 08:01:54.204 [ERROR] Security: Audit failure for object HKLM\\Software\\App by user admin sid=S-1-5-21-959429776-614271545-28749227-6001.
2023-05-15 08:01:54.319 [INFO] System: Driver disk.sys loaded successfully.
2023-05-15 08:01:54.485 [ERROR] Service Control Manager: The WSearch service terminated unexpectedly with error 0x8DD3288E.
2023-05-15 08:01:54.524 [INFO] Application: msedge.exe started process id=35568 command line=.
2023-05-15 08:01:54.639 [WARN] Power-Troubleshooter: The system has resumed from sleep after 82 seconds.
2023-05-15 08:01:54.767 [INFO] Application: chrome.exe started process id=38742 command line=--service.
2023-05-15 08:01:54.803 [WARN] Disk: Disk 1 has been surprise removed.
2023-05-15 08:01:54.949 [ERROR] Network: Name resolution for update.microsoft.com failed with error 0x87352E82.
2023-05-15 08:01:55.024 [WARN] Power-Troubleshooter: The system has resumed from sleep after 131 seconds.
2023-05-15 08:01:55.135 [INFO] Firewall: Allowed connection for explorer.exe on port 20727 from 192.168.88.72.
2023-05-15 08:01:55.269 [INFO] Application: svchost.exe started process id=20314 command line=--service.
2023-05-15 08:01:55.339 [WARN] TCP/IP: A duplicate IP address 192.168.71.63 was detected on the network.
2023-05-15 08:01:55.472 [ERROR] Application Error: Faulting application name: notepad.exe, version: 14.3.5.1983, time stamp: 0x872d96f3
2023-05-15 08:01:55.547 [WARN] Windows Defender Antivirus: Real-time protection encountered error 0x84179C0F for file D:\\Data.
2023-05-15 08:01:55.619 [INFO] Firewall: Allowed connection for svchost.exe on port 55540 from 192.168.25.92.
2023-05-15 08:01:55.777 [INFO] Network: Interface {bd476c1e-0000-0000-0000-bae8a57b3694} connected. IP=192.168.25.92 gateway=10.0.0.1.
2023-05-15 08:01:55.857 [WARN] Disk: Disk 2 has been surprise removed.
2023-05-15 08:01:55.921 [INFO] Network: Interface {be991d4e-0000-0000-0000-87af453e4da3} connected. IP=192.168.26.98 gateway=192.168.1.1.
2023-05-15 08:01:56.003 [ERROR] Security: Audit failure for object \\\\share\\file.txt by user LOCAL SERVICE sid=S-1-5-21-702848291-680070059-40582599-4855.
2023-05-15 08:01:56.174 [INFO] EventLog: The LSASRV service reported: operation completed.
2023-05-15 08:01:56.273 [INFO] EventLog: The Kernel-Power service reported: operation completed.
2023-05-15 08:01:56.301 [INFO] Service Control Manager: The Windows Update service entered the running state.
2023-05-15 08:01:56.429 [INFO] Security: Successful login for user NETWORK SERVICE from workstation LAPTOP-XYZ ip=192.168.164.29.
2023-05-15 08:01:56.594 [INFO] Security: Successful login for user user01 from workstation WS-001 ip=192.168.167.180.
2023-05-15 08:01:56.643 [INFO] Security: Successful login for user guest from workstation WS-002 ip=192.168.25.92.
2023-05-15 08:01:56.743 [INFO] Service Control Manager: The WinDefend service entered the paused state.
2023-05-15 08:01:56.849 [ERROR] Security: Audit failure for object C:\\secret.doc by user user01 sid=S-1-5-21-906816574-269275544-18484027-4166.
2023-05-15 08:01:56.932 [ERROR] Disk: The device, \Device\Harddisk0\DR0, has a bad block.
2023-05-15 08:01:57.072 [INFO] Windows Defender Antivirus: Scan {16761e48-5ed2} started on C:\\Program Files\\App.
2023-05-15 08:01:57.172 [INFO] Security: Successful login for user user01 from workstation WS-002 ip=192.168.59.198.
2023-05-15 08:01:57.274 [ERROR] Disk: The device, \Device\Harddisk3\DR3, has a bad block.
2023-05-15 08:01:57.307 [ERROR] Disk: The device, \Device\Harddisk1\DR1, has a bad block.
2023-05-15 08:01:57.410 [INFO] EventLog: The User32 service reported: configuration changed.
2023-05-15 08:01:57.522 [INFO] Windows Defender Antivirus: Scan {66ebb2a6-53e0} finished. 38507 files scanned, 4 threats found.
2023-05-15 08:01:57.641 [ERROR] Service Control Manager: The WinDefend service terminated unexpectedly with error 0x85AD713C.
2023-05-15 08:01:57.777 [INFO] Firewall: Allowed connection for outlook.exe on port 20300 from 192.168.97.21.
2023-05-15 08:01:57.821 [INFO] EventLog: The Kernel-General service reported: state transition.
2023-05-15 08:01:57.950 [ERROR] Disk: The device, \Device\Harddisk3\DR3, has a bad block.
2023-05-15 08:01:58.060 [INFO] Service Control Manager: The WinDefend service entered the stopped state.
2023-05-15 08:01:58.153 [ERROR] Network: Name resolution for ntp.pool.org failed with error 0x80D0368D.
2023-05-15 08:01:58.281 [INFO] Firewall: Allowed connection for outlook.exe on port 25601 from 192.168.174.190.
2023-05-15 08:01:58.395 [INFO] System: Driver ntfs.sys loaded successfully.
2023-05-15 08:01:58.400 [ERROR] Disk: The device, \Device\Harddisk2\DR2, has a bad block.
2023-05-15 08:01:58.545 [INFO] Windows Defender Antivirus: Scan {67ad564d-a202} started on C:\\Windows\\System32.
2023-05-15 08:01:58.664 [INFO] Security: Successful login for user LOCAL SERVICE from workstation LAPTOP-XYZ ip=192.168.187.118.
2023-05-15 08:01:58.758 [WARN] Service Control Manager: The DNS Client service failed to start due to access denied.
2023-05-15 08:01:58.883 [WARN] Windows Defender Antivirus: Real-time protection encountered error 0x8A159433 for file C:\\Program Files\\App.
2023-05-15 08:01:58.936 [INFO] Windows Defender Antivirus: Scan {bdc043cc-cec5} finished. 40906 files scanned, 5 threats found.
2023-05-15 08:01:59.033 [ERROR] Disk: The device, \Device\Harddisk1\DR1, has a bad block.
2023-05-15 08:01:59.167 [ERROR] Security: Audit failure for object HKLM\\Software\\App by user NETWORK SERVICE sid=S-1-5-21-132397255-376840209-19737536-7068.
2023-05-15 08:01:59.209 [WARN] Windows Defender Antivirus: Real-time protection encountered error 0x816C3989 for file C:\\Program Files\\App.
2023-05-15 08:01:59.351 [ERROR] Application Error: Faulting application name: explorer.exe, version: 9.5.7.5302, time stamp: 0xe7d0ece9
2023-05-15 08:01:59.472 [ERROR] Application Hang: explorer.exe stopped interacting with Windows and was closed. Process id=89780
2023-05-15 08:01:59.561 [WARN] Service Control Manager: The Themes service failed to start due to access denied.
2023-05-15 08:01:59.613 [ERROR] Service Control Manager: The WSearch service terminated unexpectedly with error 0x8F7216BB.
2023-05-15 08:01:59.708 [ERROR] Network: Name resolution for ad.corp.local failed with error 0x8E8D81CD.
2023-05-15 08:01:59.854 [INFO] Service Control Manager: The DNS Client service entered the running state.
2023-05-15 08:01:59.983 [ERROR] Service Control Manager: The Themes service terminated unexpectedly with error 0x8C8D94DE.
2023-05-15 08:02:00.042 [INFO] System: Driver tcpip.sys loaded successfully.
2023-05-15 08:02:00.100 [WARN] Power-Troubleshooter: The system has resumed from sleep after 150 seconds.
2023-05-15 08:02:00.233 [INFO] Windows Defender Antivirus: Scan {56cb22f8-a64c} finished. 57996 files scanned, 3 threats found.
2023-05-15 08:02:00.383 [ERROR] Service Control Manager: The DNS Client service terminated unexpectedly with error 0x8CCF1600.
2023-05-15 08:02:00.497 [WARN] Service Control Manager: The DHCP Client service failed to start due to dependency failure.
2023-05-15 08:02:00.561 [ERROR] Service Control Manager: The WSearch service terminated unexpectedly with error 0x8CFAEFAF.
2023-05-15 08:02:00.654 [INFO] Windows Defender Antivirus: Scan {741eb3bc-e196} started on D:\\Data.
2023-05-15 08:02:00.797 [WARN] Power-Troubleshooter: The system has resumed from sleep after 21 seconds.
2023-05-15 08:02:00.880 [INFO] System: Driver volmgr.sys loaded successfully.
2023-05-15 08:02:00.993 [INFO] Windows Defender Antivirus: Scan {f72a6c39-a53a} finished. 25831 files scanned, 2 threats found.
2023-05-15 08:02:01.000 [ERROR] Security: Audit failure for object C:\\secret.doc by user LOCAL SERVICE sid=S-1-5-21-857679445-109152015-34207580-7305.
2023-05-15 08:02:01.156 [ERROR] Application Hang: chrome.exe stopped interacting with Windows and was closed. Process id=59861
2023-05-15 08:02:01.288 [INFO] Application: chrome.exe started process id=35902 command line=.
2023-05-15 08:02:01.354 [WARN] Disk: Disk 0 has been surprise removed.
2023-05-15 08:02:01.499 [WARN] Disk: Disk 0 has been surprise removed.
2023-05-15 08:02:01.567 [ERROR] Disk: The device, \Device\Harddisk3\DR3, has a bad block.
2023-05-15 08:02:01.611 [WARN] Windows Defender Antivirus: Real-time protection encountered error 0x860E026B for file D:\\Data.
2023-05-15 08:02:01.703 [INFO] Network: Interface {ee1731e3-0000-0000-0000-2844bb7aeef7} connected. IP=192.168.57.115 gateway=10.0.0.1.
2023-05-15 08:02:01.826 [INFO] Firewall: Allowed connection for explorer.exe on port 29114 from 192.168.159.227.
2023-05-15 08:02:01.950 [WARN] Disk: Disk 1 has been surprise removed.
2023-05-15 08:02:02.040 [INFO] Security: Successful login for user guest from workstation DESKTOP-A1B2 ip=192.168.208.223.
2023-05-15 08:02:02.184 [WARN] Disk: Disk 0 has been surprise removed.
2023-05-15 08:02:02.232 [WARN] TCP/IP: A duplicate IP address 192.168.7.190 was detected on the network.
2023-05-15 08:02:02.397 [INFO] Service Control Manager: The WinDefend service entered the running state.
2023-05-15 08:02:02.421 [WARN] TCP/IP: A duplicate IP address 192.168.130.155 was detected on the network.
2023-05-15 08:02:02.586 [WARN] TCP/IP: A duplicate IP address 192.168.189.27 was detected on the network.
2023-05-15 08:02:02.696 [INFO] System: Driver disk.sys loaded successfully.
2023-05-15 08:02:02.750 [INFO] Application: chrome.exe started process id=38871 command line=/background.
2023-05-15 08:02:02.816 [ERROR] Security: Audit failure for object \\\\share\\file.txt by user guest sid=S-1-5-21-683290079-101688043-35898734-8149.
2023-05-15 08:02:02.933 [ERROR] Disk: The device, \Device\Harddisk3\DR3, has a bad block.
2023-05-15 08:02:03.062 [ERROR] Disk: The device, \Device\Harddisk0\DR0, has a bad block.
2023-05-15 08:02:03.143 [WARN] Disk: Disk 2 has been surprise removed.
2023-05-15 08:02:03.223 [ERROR] Application Hang: svchost.exe stopped interacting with Windows and was closed. Process id=29125
2023-05-15 08:02:03.373 [INFO] System: Driver tcpip.sys loaded successfully.
2023-05-15 08:02:03.479 [ERROR] Service Control Manager: The BITS service terminated unexpectedly with error 0x8BCA03E7.
2023-05-15 08:02:03.584 [INFO] Application: explorer.exe started process id=20529 command line=--service.
2023-05-15 08:02:03.641 [WARN] TCP/IP: A duplicate IP address 192.168.8.24 was detected on the network.
2023-05-15 08:02:03.759 [INFO] Firewall: Allowed connection for msedge.exe on port 7080 from 192.168.207.41.
2023-05-15 08:02:03.844 [WARN] Service Control Manager: The Spooler service failed to start due to dependency failure.
2023-05-15 08:02:03.932 [WARN] Disk: Disk 0 has been surprise removed.
2023-05-15 08:02:04.085 [INFO] Service Control Manager: The WinDefend service entered the stopped state.
2023-05-15 08:02:04.120 [INFO] Service Control Manager: The Themes service entered the stop pending state.
2023-05-15 08:02:04.246 [ERROR] Network: Name resolution for ad.corp.local failed with error 0x8A0959FA.
2023-05-15 08:02:04.348 [INFO] Windows Defender Antivirus: Scan {ef5fcf32-d15a} finished. 91167 files scanned, 2 threats found.
2023-05-15 08:02:04.485 [INFO] Windows Defender Antivirus: Scan {c32d788a-ddf5} finished. 44059 files scanned, 1 threats found.
2023-05-15 08:02:04.592 [INFO] EventLog: The Kernel-Power service reported: operation completed.
2023-05-15 08:02:04.667 [INFO] Windows Defender Antivirus: Scan {c5cfe9f3-48aa} started on C:\\Program Files\\App.
2023-05-15 08:02:04.780 [INFO] Firewall: Allowed connection for chrome.exe on port 56570 from 192.168.221.93.
2023-05-15 08:02:04.872 [INFO] EventLog: The Kernel-Power service reported: state transition.
2023-05-15 08:02:04.925 [WARN] Service Control Manager: The Themes service failed to start due to file not found.
2023-05-15 08:02:05.016 [INFO] Network: Interface {4c67a2a0-0000-0000-0000-de6315396ff6} connected. IP=192.168.97.21 gateway=192.168.1.1.
2023-05-15 08:02:05.162 [ERROR] Service Control Manager: The DNS Client service terminated unexpectedly with error 0x8DCC41A6.
2023-05-15 08:02:05.217 [INFO] Application: explorer.exe started process id=74113 command line=--service.
2023-05-15 08:02:05.348 [WARN] TCP/IP: A duplicate IP address 192.168.207.12 was detected on the network.
2023-05-15 08:02:05.481 [INFO] Firewall: Allowed connection for notepad.exe on port 21787 from 192.168.163.214.
2023-05-15 08:02:05.595 [INFO] Windows Defender Antivirus: Scan {5f7c0c4e-7844} started on C:\\Windows\\System32.
2023-05-15 08:02:05.691 [ERROR] Application Error: Faulting application name: msedge.exe, version: 19.9.7.7614, time stamp: 0xa1f81fad
2023-05-15 08:02:05.788 [INFO] EventLog: The Winlogon service reported: state transition.
2023-05-15 08:02:05.859 [ERROR] Application Hang: svchost.exe stopped interacting with Windows and was closed. Process id=46263
2023-05-15 08:02:05.950 [WARN] Service Control Manager: The WinDefend service failed to start due to access denied.
2023-05-15 08:02:06.001 [WARN] Power-Troubleshooter: The system has resumed from sleep after 101 seconds.
2023-05-15 08:02:06.189 [ERROR] Application Hang: msedge.exe stopped interacting with Windows and was closed. Process id=25040
2023-05-15 08:02:06.226 [WARN] Disk: Disk 0 has been surprise removed.
2023-05-15 08:02:06.370 [WARN] Service Control Manager: The DHCP Client service failed to start due to access denied.
2023-05-15 08:02:06.492 [INFO] Network: Interface {92626f54-0000-0000-0000-41ed9269e706} connected. IP=192.168.87.27 gateway=192.168.0.1.
2023-05-15 08:02:06.556 [ERROR] Service Control Manager: The Themes service terminated unexpectedly with error 0x84BB1FC1.
2023-05-15 08:02:06.651 [ERROR] Security: Audit failure for object \\\\share\\file.txt by user SYSTEM sid=S-1-5-21-231966925-691232343-57435606-1807.
2023-05-15 08:02:06.737 [WARN] Disk: Disk 2 has been surprise removed.
2023-05-15 08:02:06.821 [WARN] Windows Defender Antivirus: Real-time protection encountered error 0x869D94D9 for file C:\\Users\\Admin.
2023-05-15 08:02:06.929 [INFO] EventLog: The Kernel-Power service reported: state transition.
2023-05-15 08:02:07.061 [WARN] Windows Defender Antivirus: Real-time protection encountered error 0x8C7D5CE4 for file D:\\Data.
2023-05-15 08:02:07.140 [ERROR] Application Hang: svchost.exe stopped interacting with Windows and was closed. Process id=74765
2023-05-15 08:02:07.291 [WARN] Disk: Disk 1 has been surprise removed.
2023-05-15 08:02:07.365 [WARN] Service Control Manager: The WinDefend service failed to start due to invalid parameter.
2023-05-15 08:02:07.418 [INFO] System: Driver tcpip.sys loaded successfully.
2023-05-15 08:02:07.558 [WARN] Windows Defender Antivirus: Real-time protection encountered error 0x8E2754BC for file C:\\Users\\Admin.
2023-05-15 08:02:07.616 [INFO] Windows Defender Antivirus: Scan {8eae1b6c-644f} started on C:\\Program Files\\App.
2023-05-15 08:02:07.752 [ERROR] Disk: The device, \Device\Harddisk2\DR2, has a bad block.
2023-05-15 08:02:07.801 [ERROR] Disk: The device, \Device\Harddisk2\DR2, has a bad block.
2023-05-15 08:02:07.931 [WARN] Disk: Disk 1 has been surprise removed.
2023-05-15 08:02:08.051 [INFO] EventLog: The Kernel-General service reported: operation completed.
2023-05-15 08:02:08.193 [ERROR] Service Control Manager: The Windows Update service terminated unexpectedly with error 0x847BBCCF.
2023-05-15 08:02:08.213 [INFO] System: Driver volmgr.sys loaded successfully.
2023-05-15 08:02:08.332 [WARN] Disk: Disk 1 has been surprise removed.
2023-05-15 08:02:08.483 [WARN] TCP/IP: A duplicate IP address 192.168.167.180 was detected on the network.
2023-05-15 08:02:08.576 [INFO] System: Driver ntfs.sys loaded successfully.
2023-05-15 08:02:08.684 [WARN] Disk: Disk 3 has been surprise removed.
2023-05-15 08:02:08.716 [INFO] EventLog: The Winlogon service reported: operation completed.
2023-05-15 08:02:08.852 [WARN] Service Control Manager: The Spooler service failed to start due to dependency failure.
2023-05-15 08:02:08.944 [ERROR] Application Hang: explorer.exe stopped interacting with Windows and was closed. Process id=67676
2023-05-15 08:02:09.024 [ERROR] Application Hang: svchost.exe stopped interacting with Windows and was closed. Process id=5161
2023-05-15 08:02:09.162 [INFO] Firewall: Allowed connection for notepad.exe on port 8938 from 192.168.97.21.
2023-05-15 08:02:09.270 [INFO] System: Driver disk.sys loaded successfully.
2023-05-15 08:02:09.368 [INFO] Security: Successful login for user admin from workstation WS-001 ip=192.168.250.237.
2023-05-15 08:02:09.400 [INFO] Firewall: Allowed connection for msedge.exe on port 63889 from 192.168.217.89.
2023-05-15 08:02:09.530 [INFO] Network: Interface {863b8db1-0000-0000-0000-986f3a79374e} connected. IP=192.168.56.60 gateway=192.168.1.1.
2023-05-15 08:02:09.663 [INFO] Windows Defender Antivirus: Scan {6c6afde5-a9a3} finished. 59675 files scanned, 4 threats found.
2023-05-15 08:02:09.725 [ERROR] Application Error: Faulting application name: chrome.exe, version: 14.9.6.4335, time stamp: 0x14b4fa56
2023-05-15 08:02:09.877 [INFO] Firewall: Allowed connection for explorer.exe on port 8629 from 192.168.51.184.
2023-05-15 08:02:09.930 [ERROR] Service Control Manager: The DNS Client service terminated unexpectedly with error 0x8BCF8160.
2023-05-15 08:02:10.063 [INFO] Service Control Manager: The Spooler service entered the stopped state.
2023-05-15 08:02:10.160 [ERROR] Network: Name resolution for ad.corp.local failed with error 0x89C574E5.
2023-05-15 08:02:10.227 [INFO] Application: msedge.exe started process id=26173 command line=/background.
2023-05-15 08:02:10.388 [ERROR] Disk: The device, \Device\Harddisk2\DR2, has a bad block.
2023-05-15 08:02:10.419 [INFO] Network: Interface {f8d9d2b4-0000-0000-0000-9736c0bdac2d} connected. IP=192.168.151.72 gateway=192.168.1.1.
2023-05-15 08:02:10.530 [INFO] System: Driver tcpip.sys loaded successfully.
2023-05-15 08:02:10.631 [INFO] EventLog: The LSASRV service reported: state transition.
2023-05-15 08:02:10.779 [WARN] Power-Troubleshooter: The system has resumed from sleep after 289 seconds.
2023-05-15 08:02:10.894 [WARN] Service Control Manager: The Spooler service failed to start due to file not found.
2023-05-15 08:02:10.954 [ERROR] Application Hang: svchost.exe stopped interacting with Windows and was closed. Process id=19290
2023-05-15 08:02:11.061 [INFO] EventLog: The Kernel-Power service reported: configuration changed.
2023-05-15 08:02:11.158 [INFO] Application: outlook.exe started process id=30651 command line=-start.
2023-05-15 08:02:11.227 [INFO] Security: Successful login for user LOCAL SERVICE from workstation WS-002 ip=192.168.174.190.
2023-05-15 08:02:11.394 [INFO] Security: Successful login for user LOCAL SERVICE from workstation WS-003 ip=192.168.60.222.
2023-05-15 08:02:11.457 [ERROR] Disk: The device, \Device\Harddisk1\DR1, has a bad block.
2023-05-15 08:02:11.568 [INFO] Windows Defender Antivirus: Scan {543ec2bb-754b} started on C:\\Users\\Admin.
2023-05-15 08:02:11.655 [INFO] Application: chrome.exe started process id=29359 command line=-start.
2023-05-15 08:02:11.766 [INFO] Windows Defender Antivirus: Scan {65177750-6642} finished. 3450 files scanned, 4 threats found.
2023-05-15 08:02:11.820 [INFO] Security: Successful login for user NETWORK SERVICE from workstation WS-003 ip=192.168.109.9.
2023-05-15 08:02:11.947 [INFO] Windows Defender Antivirus: Scan {9c79c550-e00d} started on C:\\Windows\\System32.
2023-05-15 08:02:12.045 [WARN] TCP/IP: A duplicate IP address 192.168.12.170 was detected on the network.
2023-05-15 08:02:12.110 [WARN] Disk: Disk 3 has been surprise removed.
2023-05-15 08:02:12.255 [INFO] Firewall: Allowed connection for explorer.exe on port 4004 from 192.168.246.196.
2023-05-15 08:02:12.397 [INFO] Application: notepad.exe started process id=22254 command line=/background.
2023-05-15 08:02:12.451 [INFO] Network: Interface {b1f99e05-0000-0000-0000-55982082c20b} connected. IP=192.168.217.89 gateway=10.0.0.1.
2023-05-15 08:02:12.568 [INFO] System: Driver tcpip.sys loaded successfully.
2023-05-15 08:02:12.603 [ERROR] Service Control Manager: The WinDefend service terminated unexpectedly with error 0x8FE1033E.
2023-05-15 08:02:12.747 [WARN] Service Control Manager: The WSearch service failed to start due to access denied.
2023-05-15 08:02:12.867 [WARN] Windows Defender Antivirus: Real-time protection encountered error 0x8AED4038 for file C:\\Program Files\\App.
2023-05-15 08:02:12.913 [INFO] Security: Successful login for user guest from workstation WS-002 ip=192.168.72.117.
2023-05-15 08:02:13.060 [WARN] Power-Troubleshooter: The system has resumed from sleep after 298 seconds.
2023-05-15 08:02:13.189 [ERROR] Security: Audit failure for object \\\\share\\file.txt by user admin sid=S-1-5-21-913782313-937560125-47407585-5610.
2023-05-15 08:02:13.255 [WARN] Windows Defender Antivirus: Real-time protection encountered error 0x84A489B9 for file C:\\Windows\\System32.
2023-05-15 08:02:13.345 [WARN] Power-Troubleshooter: The system has resumed from sleep after 28 seconds.
2023-05-15 08:02:13.461 [INFO] Windows Defender Antivirus: Scan {42a77683-386e} started on D:\\Data.
2023-05-15 08:02:13.517 [INFO] Application: explorer.exe started process id=14150 command line=/background.
2023-05-15 08:02:13.628 [ERROR] Network: Name resolution for update.microsoft.com failed with error 0x828AEFC5.
2023-05-15 08:02:13.737 [INFO] Windows Defender Antivirus: Scan {1ebabba0-c1c4} finished. 94982 files scanned, 5 threats found.
2023-05-15 08:02:13.838 [ERROR] Service Control Manager: The Spooler service terminated unexpectedly with error 0x81535C85.
2023-05-15 08:02:13.901 [WARN] TCP/IP: A duplicate IP address 192.168.58.36 was detected on the network.
2023-05-15 08:02:14.042 [INFO] Application: notepad.exe started process id=14879 command line=--service.
2023-05-15 08:02:14.185 [WARN] Service Control Manager: The WinDefend service failed to start due to dependency failure.
2023-05-15 08:02:14.219 [ERROR] Security: Audit failure for object HKLM\\Software\\App by user user01 sid=S-1-5-21-674317397-183546742-45524607-4603.
2023-05-15 08:02:14.355 [INFO] System: Driver disk.sys loaded successfully.
2023-05-15 08:02:14.435 [INFO] EventLog: The Winlogon service reported: resource unavailable.
2023-05-15 08:02:14.584 [INFO] Windows Defender Antivirus: Scan {bfdd87e9-d536} started on C:\\Windows\\System32.
2023-05-15 08:02:14.606 [INFO] Windows Defender Antivirus: Scan {efffa5f2-b620} started on C:\\Users\\Admin.
2023-05-15 08:02:14.700 [INFO] Security: Successful login for user user01 from workstation WS-003 ip=192.168.151.72.
2023-05-15 08:02:14.807 [WARN] Power-Troubleshooter: The system has resumed from sleep after 197 seconds.
2023-05-15 08:02:14.965 [INFO] Application: msedge.exe started process id=16501 command line=/background.
2023-05-15 08:02:15.095 [INFO] Network: Interface {6c58b2b2-0000-0000-0000-61d112ade836} connected. IP=192.168.97.21 gateway=192.168.0.1.
2023-05-15 08:02:15.133 [INFO] EventLog: The User32 service reported: operation completed.
2023-05-15 08:02:15.249 [ERROR] Application Error: Faulting application name: outlook.exe, version: 4.3.7.3361, time stamp: 0xac182e3a
2023-05-15 08:02:15.397 [ERROR] Service Control Manager: The DNS Client service terminated unexpectedly with error 0x8E53F002.
2023-05-15 08:02:15.419 [INFO] Windows Defender Antivirus: Scan {1201765b-57fc} started on C:\\Users\\Admin.
2023-05-15 08:02:15.588 [WARN] Windows Defender Antivirus: Real-time protection encountered error 0x856E64B7 for file D:\\Data.
2023-05-15 08:02:15.669 [WARN] Windows Defender Antivirus: Real-time protection encountered error 0x857FDCE3 for file D:\\Data.
2023-05-15 08:02:15.740 [INFO] Windows Defender Antivirus: Scan {32589a36-3822} finished. 13320 files scanned, 5 threats found.
2023-05-15 08:02:15.899 [ERROR] Disk: The device, \Device\Harddisk2\DR2, has a bad block.
2023-05-15 08:02:15.925 [WARN] TCP/IP: A duplicate IP address 192.168.174.190 was detected on the network.
2023-05-15 08:02:16.016 [INFO] EventLog: The User32 service reported: state transition.
2023-05-15 08:02:16.127 [WARN] TCP/IP: A duplicate IP address 192.168.130.155 was detected on the network.
2023-05-15 08:02:16.218 [INFO] System: Driver disk.sys loaded successfully.
2023-05-15 08:02:16.339 [ERROR] Application Hang: msedge.exe stopped interacting with Windows and was closed. Process id=77738
2023-05-15 08:02:16.452 [WARN] TCP/IP: A duplicate IP address 192.168.26.98 was detected on the network.
2023-05-15 08:02:16.582 [WARN] Windows Defender Antivirus: Real-time protection encountered error 0x88A1AA33 for file C:\\Windows\\System32.
2023-05-15 08:02:16.681 [WARN] Disk: Disk 3 has been surprise removed.
2023-05-15 08:02:16.789 [ERROR] Disk: The device, \Device\Harddisk1\DR1, has a bad block.
2023-05-15 08:02:16.856 [WARN] Disk: Disk 1 has been surprise removed.
2023-05-15 08:02:16.933 [ERROR] Disk: The device, \Device\Harddisk0\DR0, has a bad block.
2023-05-15 08:02:17.060 [WARN] Service Control Manager: The WSearch service failed to start due to timeout.
2023-05-15 08:02:17.149 [INFO] Firewall: Allowed connection for explorer.exe on port 16859 from 192.168.181.18.
2023-05-15 08:02:17.255 [INFO] Firewall: Allowed connection for svchost.exe on port 3525 from 192.168.217.89.
2023-05-15 08:02:17.369 [INFO] Firewall: Allowed connection for notepad.exe on port 63852 from 192.168.97.21.
2023-05-15 08:02:17.454 [ERROR] Application Hang: explorer.exe stopped interacting with Windows and was closed. Process id=44184
2023-05-15 08:02:17.523 [WARN] Disk: Disk 0 has been surprise removed.
2023-05-15 08:02:17.684 [INFO] Network: Interface {bb17eb18-0000-0000-0000-d2784299057d} connected. IP=192.168.56.60 gateway=192.168.1.1.
2023-05-15 08:02:17.715 [INFO] Application: outlook.exe started process id=59557 command line=-start.
2023-05-15 08:02:17.847 [INFO] Service Control Manager: The DHCP Client service entered the running state.
2023-05-15 08:02:17.939 [WARN] TCP/IP: A duplicate IP address 192.168.7.144 was detected on the network.
2023-05-15 08:02:18.015 [ERROR] Application Hang: outlook.exe stopped interacting with Windows and was closed. Process id=1009
2023-05-15 08:02:18.108 [WARN] Windows Defender Antivirus: Real-time protection encountered error 0x81086EF9 for file D:\\Data.
2023-05-15 08:02:18.256 [INFO] Security: Successful login for user NETWORK SERVICE from workstation DESKTOP-A1B2 ip=192.168.217.89.
2023-05-15 08:02:18.382 [INFO] Windows Defender Antivirus: Scan {8cf5e307-e07a} finished. 77486 files scanned, 2 threats found.
2023-05-15 08:02:18.406 [INFO] EventLog: The User32 service reported: resource unavailable.
2023-05-15 08:02:18.554 [WARN] Disk: Disk 0 has been surprise removed.
2023-05-15 08:02:18.625 [WARN] Power-Troubleshooter: The system has resumed from sleep after 144 seconds.
2023-05-15 08:02:18.717 [INFO] Windows Defender Antivirus: Scan {cf15047b-d94f} finished. 12206 files scanned, 3 threats found.
2023-05-15 08:02:18.851 [INFO] Security: Successful login for user guest from workstation WS-002 ip=192.168.25.92.
2023-05-15 08:02:18.944 [ERROR] Network: Name resolution for ad.corp.local failed with error 0x870D3B1C.
2023-05-15 08:02:19.023 [ERROR] Application Hang: explorer.exe stopped interacting with Windows and was closed. Process id=95428
2023-05-15 08:02:19.103 [ERROR] Service Control Manager: The DHCP Client service terminated unexpectedly with error 0x80A48D69.
2023-05-15 08:02:19.299 [INFO] Firewall: Allowed connection for msedge.exe on port 32032 from 192.168.138.32.
2023-05-15 08:02:19.348 [INFO] System: Driver netio.sys loaded successfully.
2023-05-15 08:02:19.496 [INFO] Windows Defender Antivirus: Scan {a7b608ab-dc25} started on C:\\Users\\Admin.
2023-05-15 08:02:19.511 [INFO] Windows Defender Antivirus: Scan {b6a33f30-40ce} started on C:\\Windows\\System32.
2023-05-15 08:02:19.699 [INFO] Service Control Manager: The WinDefend service entered the running state.
2023-05-15 08:02:19.745 [INFO] Windows Defender Antivirus: Scan {1e08caa0-dd10} finished. 30631 files scanned, 4 threats found.
2023-05-15 08:02:19.814 [ERROR] Network: Name resolution for ntp.pool.org failed with error 0x8A28AD0E.
2023-05-15 08:02:19.983 [WARN] Windows Defender Antivirus: Real-time protection encountered error 0x80937EE0 for file C:\\Users\\Admin.
2023-05-15 08:02:20.014 [ERROR] Disk: The device, \Device\Harddisk2\DR2, has a bad block.
2023-05-15 08:02:20.181 [WARN] Windows Defender Antivirus: Real-time protection encountered error 0x81C37670 for file C:\\Windows\\System32.
2023-05-15 08:02:20.248 [INFO] Firewall: Allowed connection for svchost.exe on port 62728 from 192.168.167.180.
2023-05-15 08:02:20.312 [ERROR] Application Hang: outlook.exe stopped interacting with Windows and was closed. Process id=83984
2023-05-15 08:02:20.455 [WARN] Windows Defender Antivirus: Real-time protection encountered error 0x8C86C745 for file C:\\Windows\\System32.
2023-05-15 08:02:20.508 [WARN] Service Control Manager: The WSearch service failed to start due to access denied.
2023-05-15 08:02:20.682 [WARN] Disk: Disk 2 has been surprise removed.
2023-05-15 08:02:20.708 [ERROR] Security: Audit failure for object \\\\share\\file.txt by user SYSTEM sid=S-1-5-21-583298450-552326145-35028275-4059.
2023-05-15 08:02:20.892 [ERROR] Application Hang: notepad.exe stopped interacting with Windows and was closed. Process id=27760
2023-05-15 08:02:20.913 [WARN] Power-Troubleshooter: The system has resumed from sleep after 240 seconds.
2023-05-15 08:02:21.028 [INFO] Application: svchost.exe started process id=45216 command line=-start.
2023-05-15 08:02:21.114 [INFO] Service Control Manager: The DHCP Client service entered the running state.
2023-05-15 08:02:21.221 [WARN] Disk: Disk 3 has been surprise removed.
2023-05-15 08:02:21.382 [INFO] Application: msedge.exe started process id=35807 command line=-start.
2023-05-15 08:02:21.415 [WARN] Power-Troubleshooter: The system has resumed from sleep after 128 seconds.
2023-05-15 08:02:21.575 [WARN] Power-Troubleshooter: The system has resumed from sleep after 62 seconds.
2023-05-15 08:02:21.691 [INFO] Network: Interface {1b9be349-0000-0000-0000-5c571fe42cdc} connected. IP=192.168.7.144 gateway=10.0.0.1.
2023-05-15 08:02:21.783 [INFO] Network: Interface {47b00c5e-0000-0000-0000-def0c39c1e32} connected. IP=192.168.155.68 gateway=192.168.0.1.
2023-05-15 08:02:21.884 [INFO] System: Driver netio.sys loaded successfully.
2023-05-15 08:02:21.903 [ERROR] Service Control Manager: The Spooler service terminated unexpectedly with error 0x8075BAA5.
2023-05-15 08:02:22.019 [INFO] System: Driver volmgr.sys loaded successfully.
2023-05-15 08:02:22.137 [INFO] System: Driver disk.sys loaded successfully.
2023-05-15 08:02:22.271 [ERROR] Application Error: Faulting application name: outlook.exe, version: 8.2.7.7523, time stamp: 0x784011b7
2023-05-15 08:02:22.378 [ERROR] Service Control Manager: The Windows Update service terminated unexpectedly with error 0x8F6B5565.
2023-05-15 08:02:22.422 [INFO] Application: outlook.exe started process id=50457 command line=-start.
2023-05-15 08:02:22.552 [ERROR] Network: Name resolution for update.microsoft.com failed with error 0x804EB39C.
2023-05-15 08:02:22.609 [INFO] EventLog: The Kernel-General service reported: resource unavailable.
2023-05-15 08:02:22.747 [INFO] Service Control Manager: The WinDefend service entered the running state.
2023-05-15 08:02:22.890 [WARN] Windows Defender Antivirus: Real-time protection encountered error 0x85096E72 for file C:\\Windows\\System32.
2023-05-15 08:02:22.927 [INFO] EventLog: The User32 service reported: operation completed.
2023-05-15 08:02:23.012 [INFO] Windows Defender Antivirus: Scan {da843bd5-4282} finished. 93551 files scanned, 2 threats found.
2023-05-15 08:02:23.168 [INFO] System: Driver netio.sys loaded successfully.
2023-05-15 08:02:23.292 [ERROR] Network: Name resolution for update.microsoft.com failed with error 0x8284DF9A.
2023-05-15 08:02:23.331 [ERROR] Network: Name resolution for ntp.pool.org failed with error 0x85383156.
2023-05-15 08:02:23.450 [ERROR] Network: Name resolution for ad.corp.local failed with error 0x8F07B755.
2023-05-15 08:02:23.578 [ERROR] Application Error: Faulting application name: notepad.exe, version: 8.8.6.3401, time stamp: 0xda86df51
2023-05-15 08:02:23.678 [ERROR] Security: Audit failure for object \\\\share\\file.txt by user LOCAL SERVICE sid=S-1-5-21-151965524-680760098-97530018-1514.
2023-05-15 08:02:23.740 [INFO] System: Driver tcpip.sys loaded successfully.
2023-05-15 08:02:23.848 [ERROR] Application Error: Faulting application name: msedge.exe, version: 8.5.6.5090, time stamp: 0xf78dba98
2023-05-15 08:02:23.994 [INFO] Windows Defender Antivirus: Scan {f25d212d-a345} finished. 7053 files scanned, 5 threats found.
2023-05-15 08:02:24.097 [WARN] Power-Troubleshooter: The system has resumed from sleep after 93 seconds.
2023-05-15 08:02:24.112 [INFO] System: Driver tcpip.sys loaded successfully.
2023-05-15 08:02:24.263 [ERROR] Network: Name resolution for update.microsoft.com failed with error 0x8546EF83.
2023-05-15 08:02:24.377 [INFO] System: Driver tcpip.sys loaded successfully.
2023-05-15 08:02:24.487 [ERROR] Service Control Manager: The DNS Client service terminated unexpectedly with error 0x865ABDC9.
2023-05-15 08:02:24.584 [ERROR] Security: Audit failure for object C:\\secret.doc by user user01 sid=S-1-5-21-157396444-953269563-87814824-1522.
2023-05-15 08:02:24.607 [INFO] Security: Successful login for user NETWORK SERVICE from workstation DESKTOP-A1B2 ip=192.168.57.115.
2023-05-15 08:02:24.783 [INFO] Firewall: Allowed connection for notepad.exe on port 18075 from 192.168.174.190.
2023-05-15 08:02:24.894 [INFO] Service Control Manager: The BITS service entered the start pending state.
2023-05-15 08:02:24.907 [INFO] Application: svchost.exe started process id=34506 command line=-start.
2023-05-15 08:02:25.020 [WARN] Service Control Manager: The WSearch service failed to start due to file not found.
2023-05-15 08:02:25.126 [INFO] Firewall: Allowed connection for notepad.exe on port 55697 from 192.168.148.50.
2023-05-15 08:02:25.238 [ERROR] Security: Audit failure for object \\\\share\\file.txt by user user01 sid=S-1-5-21-845864005-184905522-24403481-3724.
2023-05-15 08:02:25.397 [INFO] System: Driver volmgr.sys loaded successfully.
2023-05-15 08:02:25.411 [INFO] Service Control Manager: The WSearch service entered the stop pending state.
2023-05-15 08:02:25.591 [WARN] Windows Defender Antivirus: Real-time protection encountered error 0x871EB895 for file C:\\Users\\Admin.
2023-05-15 08:02:25.644 [ERROR] Service Control Manager: The WSearch service terminated unexpectedly with error 0x8D137F25.
2023-05-15 08:02:25.752 [INFO] Windows Defender Antivirus: Scan {fe59cad0-4335} finished. 74473 files scanned, 1 threats found.
2023-05-15 08:02:25.828 [WARN] Disk: Disk 3 has been surprise removed.
2023-05-15 08:02:25.961 [INFO] EventLog: The Winlogon service reported: state transition.
2023-05-15 08:02:26.031 [WARN] Service Control Manager: The BITS service failed to start due to invalid parameter.
2023-05-15 08:02:26.113 [INFO] EventLog: The Kernel-Power service reported: configuration changed.
2023-05-15 08:02:26.224 [ERROR] Service Control Manager: The BITS service terminated unexpectedly with error 0x8E287BD4.
2023-05-15 08:02:26.316 [ERROR] Network: Name resolution for ntp.pool.org failed with error 0x89740C04.
2023-05-15 08:02:26.420 [WARN] Power-Troubleshooter: The system has resumed from sleep after 4 seconds.
2023-05-15 08:02:26.576 [INFO] Security: Successful login for user LOCAL SERVICE from workstation WS-002 ip=192.168.56.60.
2023-05-15 08:02:26.628 [WARN] Disk: Disk 2 has been surprise removed.
2023-05-15 08:02:26.759 [INFO] Application: msedge.exe started process id=77941 command line=.
2023-05-15 08:02:26.807 [ERROR] Network: Name resolution for ntp.pool.org failed with error 0x8CBB0A66.
2023-05-15 08:02:26.916 [ERROR] Disk: The device, \Device\Harddisk2\DR2, has a bad block.
2023-05-15 08:02:27.049 [INFO] Firewall: Allowed connection for chrome.exe on port 37576 from 192.168.164.29.
2023-05-15 08:02:27.127 [INFO] System: Driver tcpip.sys loaded successfully.
2023-05-15 08:02:27.222 [WARN] Power-Troubleshooter: The system has resumed from sleep after 197 seconds.
2023-05-15 08:02:27.377 [WARN] TCP/IP: A duplicate IP address 192.168.138.32 was detected on the network.
2023-05-15 08:02:27.489 [WARN] TCP/IP: A duplicate IP address 192.168.12.170 was detected on the network.
2023-05-15 08:02:27.567 [ERROR] Application Error: Faulting application name: msedge.exe, version: 10.7.6.8466, time stamp: 0x9880ade1
2023-05-15 08:02:27.638 [ERROR] Application Hang: msedge.exe stopped interacting with Windows and was closed. Process id=74975
2023-05-15 08:02:27.788 [WARN] TCP/IP: A duplicate IP address 192.168.24.98 was detected on the network.
2023-05-15 08:02:27.899 [ERROR] Security: Audit failure for object C:\\secret.doc by user user01 sid=S-1-5-21-375345355-780697003-14469052-3125.
2023-05-15 08:02:27.912 [ERROR] Application Hang: outlook.exe stopped interacting with Windows and was closed. Process id=53177
2023-05-15 08:02:28.078 [ERROR] Application Hang: msedge.exe stopped interacting with Windows and was closed. Process id=44752
2023-05-15 08:02:28.156 [INFO] Service Control Manager: The Windows Update service entered the paused state.
2023-05-15 08:02:28.250 [WARN] Disk: Disk 0 has been surprise removed.
2023-05-15 08:02:28.312 [WARN] Service Control Manager: The Themes service failed to start due to invalid parameter.
2023-05-15 08:02:28.402 [INFO] System: Driver netio.sys loaded successfully.
2023-05-15 08:02:28.523 [INFO] Security: Successful login for user user01 from workstation DESKTOP-A1B2 ip=192.168.250.237.
2023-05-15 08:02:28.608 [ERROR] Service Control Manager: The DNS Client service terminated unexpectedly with error 0x841F9F8A.
2023-05-15 08:02:28.722 [ERROR] Application Hang: outlook.exe stopped interacting with Windows and was closed. Process id=26460
2023-05-15 08:02:28.888 [INFO] Network: Interface {bffc0282-0000-0000-0000-5c9e47247bc4} connected. IP=192.168.26.98 gateway=192.168.1.1.
2023-05-15 08:02:28.928 [ERROR] Network: Name resolution for ad.corp.local failed with error 0x8F6E54E2.
2023-05-15 08:02:29.084 [INFO] Network: Interface {e367dbb7-0000-0000-0000-74d14c4838ee} connected. IP=192.168.138.32 gateway=10.0.0.1.
2023-05-15 08:02:29.151 [INFO] Service Control Manager: The Spooler service entered the paused state.
2023-05-15 08:02:29.242 [WARN] Disk: Disk 0 has been surprise removed.
2023-05-15 08:02:29.367 [WARN] Power-Troubleshooter: The system has resumed from sleep after 32 seconds.
2023-05-15 08:02:29.436 [INFO] Windows Defender Antivirus: Scan {cbb089e8-1962} finished. 17821 files scanned, 2 threats found.
2023-05-15 08:02:29.545 [ERROR] Service Control Manager: The DHCP Client service terminated unexpectedly with error 0x8E952BCE.
2023-05-15 08:02:29.632 [INFO] EventLog: The User32 service reported: state transition.
2023-05-15 08:02:29.792 [INFO] Firewall: Allowed connection for outlook.exe on port 62145 from 192.168.181.18.
2023-05-15 08:02:29.889 [INFO] Network: Interface {614e4c6d-0000-0000-0000-e0043af0be82} connected. IP=192.168.109.9 gateway=192.168.1.1.
2023-05-15 08:02:29.904 [INFO] Network: Interface {b2cbd5b7-0000-0000-0000-5c403114707d} connected. IP=192.168.57.115 gateway=10.0.0.1.
2023-05-15 08:02:30.095 [WARN] TCP/IP: A duplicate IP address 192.168.72.117 was detected on the network.
2023-05-15 08:02:30.186 [INFO] EventLog: The Kernel-Power service reported: state transition.
2023-05-15 08:02:30.277 [INFO] System: Driver volmgr.sys loaded successfully.
2023-05-15 08:02:30.315 [INFO] Windows Defender Antivirus: Scan {7a84d736-b030} started on C:\\Users\\Admin.
2023-05-15 08:02:30.482 [ERROR] Security: Audit failure for object HKLM\\Software\\App by user LOCAL SERVICE sid=S-1-5-21-986618620-630113516-55498560-4261.
2023-05-15 08:02:30.521 [INFO] Security: Successful login for user LOCAL SERVICE from workstation WS-001 ip=192.168.51.184.
2023-05-15 08:02:30.610 [INFO] Windows Defender Antivirus: Scan {1b75b5f8-d336} started on C:\\Windows\\System32.
2023-05-15 08:02:30.795 [ERROR] Service Control Manager: The Windows Update service terminated unexpectedly with error 0x8098D09B.
2023-05-15 08:02:30.832 [INFO] Network: Interface {deecd82b-0000-0000-0000-f7396694dda3} connected. IP=192.168.138.32 gateway=192.168.0.1.
2023-05-15 08:02:30.925 [INFO] System: Driver tcpip.sys loaded successfully.
2023-05-15 08:02:31.084 [WARN] Disk: Disk 3 has been surprise removed.
2023-05-15 08:02:31.176 [WARN] Disk: Disk 0 has been surprise removed.
2023-05-15 08:02:31.290 [INFO] EventLog: The Kernel-General service reported: operation completed.
2023-05-15 08:02:31.328 [WARN] Disk: Disk 3 has been surprise removed.
2023-05-15 08:02:31.420 [WARN] Windows Defender Antivirus: Real-time protection encountered error 0x88762F48 for file C:\\Windows\\System32.
2023-05-15 08:02:31.571 [ERROR] Application Error: Faulting application name: svchost.exe, version: 11.6.8.3313, time stamp: 0xf7a92d70
2023-05-15 08:02:31.686 [ERROR] Application Hang: notepad.exe stopped interacting with Windows and was closed. Process id=17739
2023-05-15 08:02:31.798 [INFO] Application: outlook.exe started process id=76809 command line=/background.
2023-05-15 08:02:31.878 [ERROR] Network: Name resolution for ad.corp.local failed with error 0x87AE9608.
2023-05-15 08:02:31.920 [INFO] Application: msedge.exe started process id=22699 command line=/background.
2023-05-15 08:02:32.072 [INFO] Windows Defender Antivirus: Scan {70ca3bb3-feb2} finished. 11346 files scanned, 1 threats found.
2023-05-15 08:02:32.199 [INFO] Network: Interface {b34b21df-0000-0000-0000-94d0448607a5} connected. IP=192.168.174.190 gateway=10.0.0.1.
2023-05-15 08:02:32.238 [ERROR] Application Error: Faulting application name: svchost.exe, version: 20.0.7.426, time stamp: 0x7f4e0e9f
2023-05-15 08:02:32.305 [WARN] TCP/IP: A duplicate IP address 192.168.40.56 was detected on the network.
2023-05-15 08:02:32.439 [INFO] System: Driver tcpip.sys loaded successfully.
2023-05-15 08:02:32.584 [WARN] Disk: Disk 2 has been surprise removed.
2023-05-15 08:02:32.604 [ERROR] Application Hang: svchost.exe stopped interacting with Windows and was closed. Process id=26161
2023-05-15 08:02:32.787 [WARN] Disk: Disk 2 has been surprise removed.
2023-05-15 08:02:32.879 [ERROR] Application Hang: svchost.exe stopped interacting with Windows and was closed. Process id=49315
2023-05-15 08:02:32.905 [WARN] Windows Defender Antivirus: Real-time protection encountered error 0x8B012179 for file C:\\Program Files\\App.
2023-05-15 08:02:33.051 [INFO] Application: msedge.exe started process id=89108 command line=/background.
2023-05-15 08:02:33.191 [ERROR] Application Hang: explorer.exe stopped interacting with Windows and was closed. Process id=80443
2023-05-15 08:02:33.201 [ERROR] Disk: The device, \Device\Harddisk1\DR1, has a bad block.
2023-05-15 08:02:33.355 [WARN] TCP/IP: A duplicate IP address 192.168.164.29 was detected on the network.
2023-05-15 08:02:33.443 [INFO] Windows Defender Antivirus: Scan {29e38b65-ffd0} finished. 87022 files scanned, 5 threats found.
2023-05-15 08:02:33.570 [INFO] Security: Successful login for user LOCAL SERVICE from workstation WS-001 ip=192.168.21.219.
2023-05-15 08:02:33.622 [INFO] Firewall: Allowed connection for msedge.exe on port 39581 from 192.168.138.32.
2023-05-15 08:02:33.717 [INFO] Windows Defender Antivirus: Scan {8d8edd9f-3f5d} finished. 37676 files scanned, 0 threats found.
2023-05-15 08:02:33.813 [INFO] EventLog: The LSASRV service reported: state transition.
2023-05-15 08:02:33.994 [WARN] Disk: Disk 2 has been surprise removed.
2023-05-15 08:02:34.057 [INFO] Security: Successful login for user SYSTEM from workstation LAPTOP-XYZ ip=192.168.12.170.
2023-05-15 08:02:34.183 [INFO] Network: Interface {ed139c4c-0000-0000-0000-8fc5485d9f24} connected. IP=192.168.148.50 gateway=192.168.0.1.
2023-05-15 08:02:34.216 [INFO] Security: Successful login for user admin from workstation DESKTOP-A1B2 ip=192.168.87.27.
2023-05-15 08:02:34.308 [INFO] System: Driver tcpip.sys loaded successfully.
2023-05-15 08:02:34.452 [INFO] Windows Defender Antivirus: Scan {5217615d-b1d3} finished. 36681 files scanned, 0 threats found.
2023-05-15 08:02:34.584 [INFO] Windows Defender Antivirus: Scan {c7835134-80c6} finished. 38877 files scanned, 3 threats found.
2023-05-15 08:02:34.606 [ERROR] Application Error: Faulting application name: outlook.exe, version: 12.9.2.1776, time stamp: 0xb36893cd
2023-05-15 08:02:34.737 [WARN] Service Control Manager: The Themes service failed to start due to timeout.
2023-05-15 08:02:34.800 [ERROR] Service Control Manager: The WSearch service terminated unexpectedly with error 0x8AF58698.
2023-05-15 08:02:34.912 [WARN] Power-Troubleshooter: The system has resumed from sleep after 88 seconds.
2023-05-15 08:02:35.079 [WARN] Service Control Manager: The BITS service failed to start due to file not found.
2023-05-15 08:02:35.121 [ERROR] Network: Name resolution for ad.corp.local failed with error 0x8B33C866.
2023-05-15 08:02:35.231 [INFO] Security: Successful login for user SYSTEM from workstation WS-002 ip=192.168.181.18.
2023-05-15 08:02:35.326 [INFO] Firewall: Allowed connection for chrome.exe on port 9832 from 192.168.2.195.
2023-05-15 08:02:35.414 [WARN] TCP/IP: A duplicate IP address 192.168.87.27 was detected on the network.
2023-05-15 08:02:35.566 [INFO] Network: Interface {d3443ba8-0000-0000-0000-317825555acd} connected. IP=192.168.109.9 gateway=10.0.0.1.
2023-05-15 08:02:35.653 [ERROR] Security: Audit failure for object HKLM\\Software\\App by user NETWORK SERVICE sid=S-1-5-21-791972341-655839976-13166966-9881.
2023-05-15 08:02:35.729 [WARN] TCP/IP: A duplicate IP address 192.168.21.219 was detected on the network.
2023-05-15 08:02:35.875 [ERROR] Service Control Manager: The Spooler service terminated unexpectedly with error 0x8B0F5B1D.
2023-05-15 08:02:35.944 [ERROR] Security: Audit failure for object C:\\secret.doc by user user01 sid=S-1-5-21-840350217-855632375-75011680-3940.
2023-05-15 08:02:36.054 [INFO] System: Driver disk.sys loaded successfully.
2023-05-15 08:02:36.155 [INFO] Service Control Manager: The Themes service entered the start pending state.
2023-05-15 08:02:36.237 [ERROR] Service Control Manager: The Themes service terminated unexpectedly with error 0x894214FF.
2023-05-15 08:02:36.304 [ERROR] Network: Name resolution for example.com failed with error 0x80E77814.
2023-05-15 08:02:36.444 [INFO] Network: Interface {163ecc12-0000-0000-0000-60674c654db5} connected. IP=192.168.229.140 gateway=192.168.1.1.
2023-05-15 08:02:36.558 [INFO] Application: svchost.exe started process id=91352 command line=--service.
2023-05-15 08:02:36.640 [INFO] EventLog: The Kernel-Power service reported: configuration changed.
2023-05-15 08:02:36.718 [INFO] Application: chrome.exe started process id=99682 command line=/background.
2023-05-15 08:02:36.850 [INFO] Windows Defender Antivirus: Scan {9dfb0181-7e16} started on C:\\Users\\Admin.
2023-05-15 08:02:36.965 [INFO] EventLog: The User32 service reported: operation completed.
2023-05-15 08:02:37.062 [WARN] TCP/IP: A duplicate IP address 192.168.25.92 was detected on the network.
2023-05-15 08:02:37.193 [WARN] Power-Troubleshooter: The system has resumed from sleep after 25 seconds.
2023-05-15 08:02:37.239 [ERROR] Application Error: Faulting application name: svchost.exe, version: 9.4.0.9499, time stamp: 0x76c0d3b5
2023-05-15 08:02:37.335 [INFO] Service Control Manager: The Themes service entered the stopped state.
2023-05-15 08:02:37.490 [WARN] Power-Troubleshooter: The system has resumed from sleep after 3 seconds.
2023-05-15 08:02:37.525 [WARN] Service Control Manager: The Themes service failed to start due to access denied.
2023-05-15 08:02:37.619 [INFO] Windows Defender Antivirus: Scan {26d586c1-455d} started on C:\\Windows\\System32.
2023-05-15 08:02:37.777 [INFO] EventLog: The Kernel-Power service reported: resource unavailable.
2023-05-15 08:02:37.809 [WARN] TCP/IP: A duplicate IP address 192.168.94.42 was detected on the network.
2023-05-15 08:02:37.988 [INFO] Application: outlook.exe started process id=31874 command line=-start.
2023-05-15 08:02:38.001 [WARN] Disk: Disk 2 has been surprise removed.
2023-05-15 08:02:38.176 [INFO] Firewall: Allowed connection for svchost.exe on port 61566 from 192.168.94.42.
2023-05-15 08:02:38.253 [ERROR] Application Error: Faulting application name: svchost.exe, version: 12.1.7.6342, time stamp: 0x7dee4228
2023-05-15 08:02:38.371 [INFO] Network: Interface {75da6984-0000-0000-0000-69b7efcde670} connected. IP=192.168.40.56 gateway=192.168.0.1.
2023-05-15 08:02:38.447 [INFO] Network: Interface {6bac928a-0000-0000-0000-b9fee60e26a9} connected. IP=192.168.159.227 gateway=192.168.0.1.
2023-05-15 08:02:38.559 [ERROR] Service Control Manager: The Windows Update service terminated unexpectedly with error 0x85DF8F8B.
2023-05-15 08:02:38.686 [WARN] TCP/IP: A duplicate IP address 192.168.142.76 was detected on the network.
2023-05-15 08:02:38.788 [ERROR] Network: Name resolution for example.com failed with error 0x844563BA.
2023-05-15 08:02:38.846 [INFO] Windows Defender Antivirus: Scan {26fe18f8-8f1d} started on C:\\Program Files\\App.
2023-05-15 08:02:38.915 [ERROR] Network: Name resolution for update.microsoft.com failed with error 0x8EE30896.
2023-05-15 08:02:39.068 [WARN] TCP/IP: A duplicate IP address 192.168.159.227 was detected on the network.
2023-05-15 08:02:39.179 [INFO] Network: Interface {2c446f27-0000-0000-0000-6fe5d2147f37} connected. IP=192.168.59.198 gateway=192.168.0.1.
2023-05-15 08:02:39.266 [INFO] Application: explorer.exe started process id=27271 command line=--service.
2023-05-15 08:02:39.386 [INFO] Windows Defender Antivirus: Scan {c88a24b1-4b00} finished. 62130 files scanned, 4 threats found.
2023-05-15 08:02:39.437 [INFO] Network: Interface {e06a34fc-0000-0000-0000-4d3db75ffb9c} connected. IP=192.168.59.198 gateway=192.168.0.1.
2023-05-15 08:02:39.520 [INFO] Network: Interface {8e9297dc-0000-0000-0000-bd0c7e00752b} connected. IP=192.168.140.108 gateway=192.168.0.1.
2023-05-15 08:02:39.627 [INFO] Network: Interface {776f7928-0000-0000-0000-24d22cf9b230} connected. IP=192.168.208.223 gateway=192.168.1.1.
2023-05-15 08:02:39.759 [WARN] Windows Defender Antivirus: Real-time protection encountered error 0x8835E094 for file C:\\Users\\Admin.
2023-05-15 08:02:39.840 [INFO] Security: Successful login for user guest from workstation WS-003 ip=192.168.24.98.
2023-05-15 08:02:39.915 [INFO] Security: Successful login for user user02 from workstation WS-002 ip=192.168.174.190.
2023-05-15 08:02:40.030 [WARN] Service Control Manager: The DNS Client service failed to start due to timeout.
2023-05-15 08:02:40.197 [INFO] Network: Interface {97ee2b8a-0000-0000-0000-fa83576aa70a} connected. IP=192.168.164.29 gateway=10.0.0.1.
2023-05-15 08:02:40.212 [ERROR] Security: Audit failure for object \\\\share\\file.txt by user LOCAL SERVICE sid=S-1-5-21-970543249-431463360-36235070-4073.
2023-05-15 08:02:40.361 [ERROR] Network: Name resolution for ntp.pool.org failed with error 0x896373CF.
2023-05-15 08:02:40.410 [ERROR] Security: Audit failure for object C:\\secret.doc by user user02 sid=S-1-5-21-573147780-512210636-86576584-2263.
2023-05-15 08:02:40.502 [INFO] Windows Defender Antivirus: Scan {91b93070-a385} finished. 14090 files scanned, 3 threats found.
2023-05-15 08:02:40.660 [INFO] Firewall: Allowed connection for msedge.exe on port 53625 from 192.168.142.76.
2023-05-15 08:02:40.755 [INFO] Security: Successful login for user user01 from workstation DESKTOP-A1B2 ip=192.168.8.24.
2023-05-15 08:02:40.842 [ERROR] Network: Name resolution for example.com failed with error 0x825D302D.
2023-05-15 08:02:40.943 [INFO] Network: Interface {59fa3c2b-0000-0000-0000-832c9ab2a4d2} connected. IP=192.168.40.56 gateway=10.0.0.1.
2023-05-15 08:02:41.033 [INFO] System: Driver tcpip.sys loaded successfully.
2023-05-15 08:02:41.182 [ERROR] Disk: The device, \Device\Harddisk1\DR1, has a bad block.
2023-05-15 08:02:41.292 [WARN] Power-Troubleshooter: The system has resumed from sleep after 82 seconds.
2023-05-15 08:02:41.354 [INFO] Security: Successful login for user user02 from workstation DESKTOP-A1B2 ip=192.168.58.36.
2023-05-15 08:02:41.427 [ERROR] Application Hang: chrome.exe stopped interacting with Windows and was closed. Process id=93655
2023-05-15 08:02:41.501 [INFO] EventLog: The Kernel-Power service reported: state transition.
2023-05-15 08:02:41.600 [WARN] Windows Defender Antivirus: Real-time protection encountered error 0x8273F53F for file C:\\Program Files\\App.
2023-05-15 08:02:41.713 [WARN] Windows Defender Antivirus: Real-time protection encountered error 0x8452E435 for file D:\\Data.
2023-05-15 08:02:41.827 [INFO] Windows Defender Antivirus: Scan {ee1d0e55-d863} finished. 42929 files scanned, 2 threats found.
2023-05-15 08:02:41.965 [INFO] System: Driver disk.sys loaded successfully.
2023-05-15 08:02:42.041 [ERROR] Application Hang: notepad.exe stopped interacting with Windows and was closed. Process id=58277
2023-05-15 08:02:42.132 [INFO] Application: notepad.exe started process id=26889 command line=/background.
2023-05-15 08:02:42.242 [ERROR] Disk: The device, \Device\Harddisk2\DR2, has a bad block.
2023-05-15 08:02:42.301 [INFO] System: Driver netio.sys loaded successfully.
2023-05-15 08:02:42.495 [INFO] EventLog: The LSASRV service reported: operation completed.
2023-05-15 08:02:42.567 [ERROR] Network: Name resolution for ad.corp.local failed with error 0x89404FCC.
2023-05-15 08:02:42.648 [INFO] Network: Interface {2443e283-0000-0000-0000-1fb8bf216c15} connected. IP=192.168.140.108 gateway=192.168.0.1.
2023-05-15 08:02:42.777 [INFO] EventLog: The Kernel-General service reported: state transition.
2023-05-15 08:02:42.848 [ERROR] Application Error: Faulting application name: explorer.exe, version: 16.7.8.5271, time stamp: 0xdcda8910
2023-05-15 08:02:42.962 [WARN] Windows Defender Antivirus: Real-time protection encountered error 0x86FB7672 for file C:\\Users\\Admin.
2023-05-15 08:02:43.029 [INFO] Windows Defender Antivirus: Scan {285005cd-ccf3} started on C:\\Windows\\System32.
2023-05-15 08:02:43.185 [WARN] TCP/IP: A duplicate IP address 192.168.56.60 was detected on the network.
2023-05-15 08:02:43.210 [ERROR] Application Hang: chrome.exe stopped interacting with Windows and was closed. Process id=50217
2023-05-15 08:02:43.325 [INFO] Windows Defender Antivirus: Scan {d1bc9400-b320} finished. 41017 files scanned, 0 threats found.
2023-05-15 08:02:43.425 [INFO] Windows Defender Antivirus: Scan {dcac575e-aec0} started on D:\\Data.
2023-05-15 08:02:43.518 [INFO] Network: Interface {6a6a7a8a-0000-0000-0000-c000769cfef7} connected. IP=192.168.72.117 gateway=10.0.0.1.
2023-05-15 08:02:43.684 [WARN] Power-Troubleshooter: The system has resumed from sleep after 134 seconds.
2023-05-15 08:02:43.794 [INFO] Security: Successful login for user LOCAL SERVICE from workstation WS-002 ip=192.168.60.222.
2023-05-15 08:02:43.862 [WARN] Service Control Manager: The WinDefend service failed to start due to timeout.
2023-05-15 08:02:43.914 [INFO] Firewall: Allowed connection for notepad.exe on port 44406 from 192.168.109.9.
2023-05-15 08:02:44.089 [ERROR] Application Error: Faulting application name: chrome.exe, version: 13.0.7.5098, time stamp: 0xa7bed57d
2023-05-15 08:02:44.188 [WARN] TCP/IP: A duplicate IP address 192.168.179.109 was detected on the network.
2023-05-15 08:02:44.297 [WARN] Power-Troubleshooter: The system has resumed from sleep after 45 seconds.
2023-05-15 08:02:44.361 [INFO] Network: Interface {8cab9298-0000-0000-0000-51847442f12f} connected. IP=192.168.75.253 gateway=192.168.0.1.
2023-05-15 08:02:44.476 [INFO] EventLog: The Kernel-General service reported: operation completed.
2023-05-15 08:02:44.529 [INFO] Windows Defender Antivirus: Scan {e7b5c56b-5b30} finished. 8886 files scanned, 5 threats found.
2023-05-15 08:02:44.669 [INFO] Network: Interface {d14185f7-0000-0000-0000-1a112b1c3e2e} connected. IP=192.168.151.72 gateway=10.0.0.1.
2023-05-15 08:02:44.765 [INFO] Application: notepad.exe started process id=50381 command line=--service.
2023-05-15 08:02:44.819 [INFO] Firewall: Allowed connection for explorer.exe on port 3208 from 192.168.94.42.
2023-05-15 08:02:44.943 [WARN] Disk: Disk 1 has been surprise removed.
2023-05-15 08:02:45.065 [INFO] Service Control Manager: The WinDefend service entered the stop pending state.
2023-05-15 08:02:45.125 [WARN] Service Control Manager: The WinDefend service failed to start due to invalid parameter.
2023-05-15 08:02:45.264 [INFO] Service Control Manager: The Windows Update service entered the stopped state.
2023-05-15 08:02:45.309 [ERROR] Application Hang: explorer.exe stopped interacting with Windows and was closed. Process id=77020
2023-05-15 08:02:45.406 [INFO] Security: Successful login for user guest from workstation WS-003 ip=192.168.40.56.
2023-05-15 08:02:45.557 [INFO] Security: Successful login for user LOCAL SERVICE from workstation LAPTOP-XYZ ip=192.168.246.196.
2023-05-15 08:02:45.637 [INFO] Firewall: Allowed connection for msedge.exe on port 41486 from 192.168.187.118.
2023-05-15 08:02:45.772 [INFO] Network: Interface {98dbf060-0000-0000-0000-f5f41692be3d} connected. IP=192.168.130.155 gateway=192.168.1.1.
2023-05-15 08:02:45.818 [INFO] System: Driver tcpip.sys loaded successfully.
2023-05-15 08:02:45.989 [ERROR] Service Control Manager: The DNS Client service terminated unexpectedly with error 0x8B5B6A57.
2023-05-15 08:02:46.020 [INFO] Application: notepad.exe started process id=30580 command line=/background.
2023-05-15 08:02:46.176 [INFO] Security: Successful login for user user01 from workstation WS-002 ip=192.168.71.63.
2023-05-15 08:02:46.295 [INFO] Service Control Manager: The BITS service entered the start pending state.
2023-05-15 08:02:46.355 [ERROR] Disk: The device, \Device\Harddisk2\DR2, has a bad block.
2023-05-15 08:02:46.436 [INFO] Firewall: Allowed connection for chrome.exe on port 45092 from 192.168.12.170.
2023-05-15 08:02:46.508 [INFO] Windows Defender Antivirus: Scan {2320b30e-90a1} started on C:\\Program Files\\App.
2023-05-15 08:02:46.606 [ERROR] Network: Name resolution for ad.corp.local failed with error 0x8C85D55C.
2023-05-15 08:02:46.790 [WARN] Power-Troubleshooter: The system has resumed from sleep after 244 seconds.
2023-05-15 08:02:46.880 [INFO] Firewall: Allowed connection for chrome.exe on port 59670 from 192.168.25.92.
2023-05-15 08:02:46.984 [ERROR] Disk: The device, \Device\Harddisk1\DR1, has a bad block.
2023-05-15 08:02:47.044 [WARN] TCP/IP: A duplicate IP address 192.168.207.41 was detected on the network.
2023-05-15 08:02:47.155 [INFO] EventLog: The LSASRV service reported: configuration changed.
2023-05-15 08:02:47.242 [WARN] Service Control Manager: The Themes service failed to start due to dependency failure.
2023-05-15 08:02:47.398 [ERROR] Disk: The device, \Device\Harddisk1\DR1, has a bad block.
2023-05-15 08:02:47.453 [ERROR] Network: Name resolution for ntp.pool.org failed with error 0x8E4DB3C2.
2023-05-15 08:02:47.532 [INFO] EventLog: The LSASRV service reported: operation completed.
2023-05-15 08:02:47.660 [INFO] Service Control Manager: The BITS service entered the start pending state.
2023-05-15 08:02:47.762 [WARN] Power-Troubleshooter: The system has resumed from sleep after 177 seconds.
2023-05-15 08:02:47.830 [INFO] Firewall: Allowed connection for svchost.exe on port 34065 from 192.168.250.237.
2023-05-15 08:02:47.983 [INFO] Service Control Manager: The Windows Update service entered the start pending state.
2023-05-15 08:02:48.007 [WARN] Windows Defender Antivirus: Real-time protection encountered error 0x8BD019B5 for file C:\\Program Files\\App.
2023-05-15 08:02:48.105 [WARN] Windows Defender Antivirus: Real-time protection encountered error 0x8194898A for file D:\\Data.
2023-05-15 08:02:48.245 [WARN] Power-Troubleshooter: The system has resumed from sleep after 288 seconds.
2023-05-15 08:02:48.394 [WARN] Windows Defender Antivirus: Real-time protection encountered error 0x8FC6C2D5 for file C:\\Program Files\\App.
2023-05-15 08:02:48.468 [ERROR] Security: Audit failure for object HKLM\\Software\\App by user LOCAL SERVICE sid=S-1-5-21-167829726-626334436-36265483-5694.
2023-05-15 08:02:48.571 [ERROR] Service Control Manager: The Spooler service terminated unexpectedly with error 0x85B94650.
2023-05-15 08:02:48.645 [WARN] Service Control Manager: The DNS Client service failed to start due to timeout.
2023-05-15 08:02:48.743 [ERROR] Network: Name resolution for example.com failed with error 0x8E8F4BC3.
2023-05-15 08:02:48.872 [INFO] Security: Successful login for user user01 from workstation WS-002 ip=192.168.179.109.
2023-05-15 08:02:48.968 [WARN] Disk: Disk 1 has been surprise removed.
2023-05-15 08:02:49.042 [WARN] Service Control Manager: The DNS Client service failed to start due to dependency failure.
2023-05-15 08:02:49.179 [ERROR] Service Control Manager: The WSearch service terminated unexpectedly with error 0x8B0F4A6D.
2023-05-15 08:02:49.221 [ERROR] Security: Audit failure for object HKLM\\Software\\App by user user02 sid=S-1-5-21-745757639-838786689-63893696-4590.
2023-05-15 08:02:49.355 [WARN] Power-Troubleshooter: The system has resumed from sleep after 275 seconds.
2023-05-15 08:02:49.427 [ERROR] Security: Audit failure for object HKLM\\Software\\App by user SYSTEM sid=S-1-5-21-484344076-209001712-52702125-2268.
2023-05-15 08:02:49.525 [INFO] System: Driver ntfs.sys loaded successfully.
2023-05-15 08:02:49.672 [INFO] Network: Interface {fc47c28b-0000-0000-0000-6b5619b3aa8e} connected. IP=192.168.189.27 gateway=192.168.1.1.
2023-05-15 08:02:49.776 [INFO] EventLog: The Kernel-Power service reported: state transition.
2023-05-15 08:02:49.826 [ERROR] Application Error: Faulting application name: msedge.exe, version: 14.4.1.2353, time stamp: 0x423f54b5
2023-05-15 08:02:49.953 [INFO] Service Control Manager: The WinDefend service entered the paused state.
2023-05-15 08:02:50.009 [ERROR] Security: Audit failure for object \\\\share\\file.txt by user LOCAL SERVICE sid=S-1-5-21-788248602-547786635-99427748-8929.
2023-05-15 08:02:50.148 [WARN] Disk: Disk 3 has been surprise removed.
2023-05-15 08:02:50.246 [WARN] Windows Defender Antivirus: Real-time protection encountered error 0x819396AA for file C:\\Users\\Admin.
2023-05-15 08:02:50.358 [ERROR] Service Control Manager: The Themes service terminated unexpectedly with error 0x83D6C5F7.
2023-05-15 08:02:50.408 [ERROR] Network: Name resolution for ad.corp.local failed with error 0x8EB44CAF.
2023-05-15 08:02:50.580 [WARN] Disk: Disk 1 has been surprise removed.
2023-05-15 08:02:50.667 [WARN] TCP/IP: A duplicate IP address 192.168.217.89 was detected on the network.
2023-05-15 08:02:50.740 [WARN] TCP/IP: A duplicate IP address 192.168.207.12 was detected on the network.
2023-05-15 08:02:50.816 [ERROR] Application Hang: svchost.exe stopped interacting with Windows and was closed. Process id=8713
2023-05-15 08:02:50.935 [INFO] Firewall: Allowed connection for msedge.exe on port 15961 from 192.168.58.36.
2023-05-15 08:02:51.038 [ERROR] Application Error: Faulting application name: msedge.exe, version: 1.2.8.2696, time stamp: 0x282855c8
2023-05-15 08:02:51.180 [INFO] System: Driver disk.sys loaded successfully.
2023-05-15 08:02:51.299 [INFO] Windows Defender Antivirus: Scan {817bb53b-d6ab} started on D:\\Data.
2023-05-15 08:02:51.308 [INFO] Application: notepad.exe started process id=86213 command line=.
2023-05-15 08:02:51.487 [ERROR] Network: Name resolution for update.microsoft.com failed with error 0x8515FD13.
2023-05-15 08:02:51.553 [WARN] Power-Troubleshooter: The system has resumed from sleep after 189 seconds.
2023-05-15 08:02:51.691 [INFO] Windows Defender Antivirus: Scan {c61fab20-c65d} finished. 24680 files scanned, 2 threats found.
2023-05-15 08:02:51.778 [INFO] System: Driver tcpip.sys loaded successfully.
2023-05-15 08:02:51.860 [WARN] TCP/IP: A duplicate IP address 192.168.7.144 was detected on the network.
2023-05-15 08:02:51.943 [INFO] Windows Defender Antivirus: Scan {617acfe1-3f6a} finished. 93928 files scanned, 5 threats found.
2023-05-15 08:02:52.022 [WARN] TCP/IP: A duplicate IP address 192.168.159.227 was detected on the network.
2023-05-15 08:02:52.195 [ERROR] Disk: The device, \Device\Harddisk1\DR1, has a bad block.
2023-05-15 08:02:52.261 [INFO] Windows Defender Antivirus: Scan {a9ef7616-7314} started on D:\\Data.
2023-05-15 08:02:52.302 [WARN] Windows Defender Antivirus: Real-time protection encountered error 0x8BFADAEF for file C:\\Windows\\System32.
2023-05-15 08:02:52.462 [INFO] Network: Interface {177c2505-0000-0000-0000-ce891e16599f} connected. IP=192.168.155.68 gateway=192.168.1.1.
2023-05-15 08:02:52.511 [ERROR] Application Hang: svchost.exe stopped interacting with Windows and was closed. Process id=73130
2023-05-15 08:02:52.685 [ERROR] Service Control Manager: The Spooler service terminated unexpectedly with error 0x8C95F63B.
2023-05-15 08:02:52.768 [ERROR] Application Hang: notepad.exe stopped interacting with Windows and was closed. Process id=55811
2023-05-15 08:02:52.832 [WARN] Disk: Disk 0 has been surprise removed.
2023-05-15 08:02:52.940 [WARN] Power-Troubleshooter: The system has resumed from sleep after 40 seconds.
2023-05-15 08:02:53.029 [INFO] EventLog: The Winlogon service reported: operation completed.
2023-05-15 08:02:53.182 [ERROR] Network: Name resolution for ntp.pool.org failed with error 0x8E804050.
2023-05-15 08:02:53.297 [INFO] Firewall: Allowed connection for chrome.exe on port 24957 from 192.168.97.21.
2023-05-15 08:02:53.335 [WARN] Disk: Disk 1 has been surprise removed.
2023-05-15 08:02:53.459 [INFO] Windows Defender Antivirus: Scan {e7187a26-2bb1} started on D:\\Data.
2023-05-15 08:02:53.569 [INFO] Application: explorer.exe started process id=94749 command line=.
2023-05-15 08:02:53.679 [INFO] Security: Successful login for user user02 from workstation WS-003 ip=192.168.138.32.
2023-05-15 08:02:53.747 [INFO] Network: Interface {21c43c6d-0000-0000-0000-4b051a64fe4a} connected. IP=192.168.217.89 gateway=192.168.1.1.
2023-05-15 08:02:53.866 [ERROR] Security: Audit failure for object \\\\share\\file.txt by user LOCAL SERVICE sid=S-1-5-21-218587551-900905325-10898691-3834.
2023-05-15 08:02:53.960 [ERROR] Disk: The device, \Device\Harddisk3\DR3, has a bad block.
2023-05-15 08:02:54.072 [INFO] Service Control Manager: The Windows Update service entered the running state.
2023-05-15 08:02:54.125 [ERROR] Network: Name resolution for update.microsoft.com failed with error 0x87A2CFB9.
2023-05-15 08:02:54.214 [INFO] Security: Successful login for user LOCAL SERVICE from workstation WS-003 ip=192.168.94.42.
2023-05-15 08:02:54.363 [INFO] Firewall: Allowed connection for outlook.exe on port 9731 from 192.168.140.108.
2023-05-15 08:02:54.444 [WARN] Windows Defender Antivirus: Real-time protection encountered error 0x81CB8264 for file D:\\Data.
2023-05-15 08:02:54.591 [WARN] Service Control Manager: The Windows Update service failed to start due to invalid parameter.
2023-05-15 08:02:54.629 [WARN] Disk: Disk 0 has been surprise removed.
2023-05-15 08:02:54.711 [INFO] Windows Defender Antivirus: Scan {37e21f8a-f0df} finished. 21730 files scanned, 5 threats found.
2023-05-15 08:02:54.884 [INFO] Service Control Manager: The WinDefend service entered the paused state.
2023-05-15 08:02:54.969 [INFO] Application: outlook.exe started process id=71084 command line=-start.
2023-05-15 08:02:55.028 [INFO] System: Driver netio.sys loaded successfully.
2023-05-15 08:02:55.113 [WARN] Power-Troubleshooter: The system has resumed from sleep after 117 seconds.
2023-05-15 08:02:55.275 [WARN] Service Control Manager: The BITS service failed to start due to timeout.
2023-05-15 08:02:55.320 [INFO] EventLog: The LSASRV service reported: operation completed.
2023-05-15 08:02:55.460 [ERROR] Application Error: Faulting application name: notepad.exe, version: 16.3.8.256, time stamp: 0x1a0b71f4
2023-05-15 08:02:55.556 [INFO] System: Driver ntfs.sys loaded successfully.
2023-05-15 08:02:55.698 [ERROR] Disk: The device, \Device\Harddisk0\DR0, has a bad block.
2023-05-15 08:02:55.722 [WARN] Disk: Disk 3 has been surprise removed.
2023-05-15 08:02:55.877 [INFO] Application: notepad.exe started process id=9260 command line=-start.
2023-05-15 08:02:55.946 [ERROR] Disk: The device, \Device\Harddisk2\DR2, has a bad block.
2023-05-15 08:02:56.072 [ERROR] Service Control Manager: The BITS service terminated unexpectedly with error 0x896D0700.
2023-05-15 08:02:56.173 [INFO] Windows Defender Antivirus: Scan {4b23005a-75ca} finished. 60528 files scanned, 0 threats found.
2023-05-15 08:02:56.278 [INFO] Service Control Manager: The DNS Client service entered the stopped state.
2023-05-15 08:02:56.365 [ERROR] Disk: The device, \Device\Harddisk1\DR1, has a bad block.
2023-05-15 08:02:56.415 [INFO] Firewall: Allowed connection for notepad.exe on port 37469 from 192.168.56.60.
2023-05-15 08:02:56.516 [INFO] System: Driver disk.sys loaded successfully.
2023-05-15 08:02:56.643 [WARN] Disk: Disk 1 has been surprise removed.
2023-05-15 08:02:56.722 [INFO] Application: chrome.exe started process id=41918 command line=--service.
2023-05-15 08:02:56.844 [ERROR] Service Control Manager: The DHCP Client service terminated unexpectedly with error 0x83DE4DF5.
2023-05-15 08:02:56.922 [INFO] Service Control Manager: The BITS service entered the start pending state.
2023-05-15 08:02:57.002 [INFO] Service Control Manager: The WinDefend service entered the stop pending state.
2023-05-15 08:02:57.162 [INFO] Service Control Manager: The Spooler service entered the stopped state.
2023-05-15 08:02:57.213 [INFO] EventLog: The Winlogon service reported: operation completed.
2023-05-15 08:02:57.362 [ERROR] Application Error: Faulting application name: msedge.exe, version: 20.9.6.8292, time stamp: 0x577f2c7f
2023-05-15 08:02:57.425 [INFO] Windows Defender Antivirus: Scan {b83bffb7-ec42} finished. 96065 files scanned, 4 threats found.
2023-05-15 08:02:57.585 [INFO] Application: outlook.exe started process id=8401 command line=.
2023-05-15 08:02:57.649 [ERROR] Service Control Manager: The Themes service terminated unexpectedly with error 0x8D1D90A8.
2023-05-15 08:02:57.703 [WARN] Service Control Manager: The DNS Client service failed to start due to invalid parameter.
2023-05-15 08:02:57.872 [WARN] Disk: Disk 3 has been surprise removed.
2023-05-15 08:02:57.967 [INFO] Service Control Manager: The WSearch service entered the paused state.
2023-05-15 08:02:58.059 [WARN] Service Control Manager: The WSearch service failed to start due to invalid parameter.
2023-05-15 08:02:58.177 [WARN] Power-Troubleshooter: The system has resumed from sleep after 231 seconds.
2023-05-15 08:02:58.244 [ERROR] Application Error: Faulting application name: svchost.exe, version: 1.9.0.5484, time stamp: 0x5db38a20
2023-05-15 08:02:58.307 [INFO] System: Driver disk.sys loaded successfully.
2023-05-15 08:02:58.464 [ERROR] Application Hang: outlook.exe stopped interacting with Windows and was closed. Process id=55846
2023-05-15 08:02:58.591 [INFO] Windows Defender Antivirus: Scan {daffcc3e-7f42} finished. 24992 files scanned, 2 threats found.
2023-05-15 08:02:58.696 [WARN] Service Control Manager: The DHCP Client service failed to start due to invalid parameter.
2023-05-15 08:02:58.724 [INFO] Windows Defender Antivirus: Scan {41b0f3b1-b643} finished. 94295 files scanned, 0 threats found.
2023-05-15 08:02:58.861 [INFO] Firewall: Allowed connection for msedge.exe on port 25522 from 192.168.181.18.
2023-05-15 08:02:58.978 [INFO] Application: notepad.exe started process id=51470 command line=/background.
2023-05-15 08:02:59.074 [INFO] Network: Interface {1c26ce69-0000-0000-0000-c2cab6ca51db} connected. IP=192.168.109.9 gateway=192.168.1.1.
2023-05-15 08:02:59.190 [WARN] TCP/IP: A duplicate IP address 192.168.221.93 was detected on the network.
2023-05-15 08:02:59.287 [WARN] Power-Troubleshooter: The system has resumed from sleep after 122 seconds.
2023-05-15 08:02:59.307 [INFO] EventLog: The LSASRV service reported: configuration changed.
2023-05-15 08:02:59.479 [ERROR] Application Hang: outlook.exe stopped interacting with Windows and was closed. Process id=47084
2023-05-15 08:02:59.565 [ERROR] Application Error: Faulting application name: svchost.exe, version: 7.5.0.7248, time stamp: 0x4c7994a5
2023-05-15 08:02:59.643 [INFO] EventLog: The Winlogon service reported: configuration changed.
2023-05-15 08:02:59.719 [INFO] Firewall: Allowed connection for outlook.exe on port 43034 from 192.168.208.223.
2023-05-15 08:02:59.837 [INFO] Network: Interface {1bae462c-0000-0000-0000-dc79d1f2be97} connected. IP=192.168.217.89 gateway=10.0.0.1.
2023-05-15 08:02:59.926 [ERROR] Service Control Manager: The WSearch service terminated unexpectedly with error 0x8EE15B20.
2023-05-15 08:03:00.093 [INFO] Windows Defender Antivirus: Scan {3ceca4d6-3ef8} finished. 9804 files scanned, 4 threats found.
2023-05-15 08:03:00.154 [WARN] Windows Defender Antivirus: Real-time protection encountered error 0x891F830B for file C:\\Program Files\\App.
2023-05-15 08:03:00.247 [INFO] EventLog: The Kernel-General service reported: state transition.
2023-05-15 08:03:00.375 [ERROR] Service Control Manager: The BITS service terminated unexpectedly with error 0x8F9D6132.
2023-05-15 08:03:00.462 [INFO] Network: Interface {9dff2774-0000-0000-0000-582e86040113} connected. IP=192.168.87.27 gateway=10.0.0.1.
2023-05-15 08:03:00.555 [ERROR] Application Error: Faulting application name: msedge.exe, version: 3.1.1.6632, time stamp: 0xde1c4138
2023-05-15 08:03:00.659 [ERROR] Security: Audit failure for object \\\\share\\file.txt by user NETWORK SERVICE sid=S-1-5-21-196362581-896209387-27346238-1744.
2023-05-15 08:03:00.788 [INFO] Application: explorer.exe started process id=21199 command line=/background.
2023-05-15 08:03:00.830 [WARN] Disk: Disk 0 has been surprise removed.
2023-05-15 08:03:00.987 [INFO] Firewall: Allowed connection for explorer.exe on port 25598 from 192.168.21.219.
2023-05-15 08:03:01.070 [WARN] Disk: Disk 1 has been surprise removed.
2023-05-15 08:03:01.150 [INFO] Security: Successful login for user user01 from workstation WS-002 ip=192.168.56.60.
2023-05-15 08:03:01.230 [INFO] Windows Defender Antivirus: Scan {966918d8-ff22} started on C:\\Windows\\System32.
2023-05-15 08:03:01.327 [INFO] System: Driver disk.sys loaded successfully.
2023-05-15 08:03:01.463 [ERROR] Application Error: Faulting application name: notepad.exe, version: 17.7.7.1533, time stamp: 0xca295407
2023-05-15 08:03:01.517 [ERROR] Service Control Manager: The Windows Update service terminated unexpectedly with error 0x8126BCC2.
2023-05-15 08:03:01.677 [ERROR] Application Error: Faulting application name: chrome.exe, version: 15.7.4.7862, time stamp: 0x4f6f8d5a
2023-05-15 08:03:01.701 [ERROR] Network: Name resolution for ad.corp.local failed with error 0x8A3EA299.
2023-05-15 08:03:01.866 [INFO] Firewall: Allowed connection for svchost.exe on port 59015 from 192.168.40.56.
2023-05-15 08:03:01.975 [INFO] System: Driver disk.sys loaded successfully.
2023-05-15 08:03:02.014 [INFO] Windows Defender Antivirus: Scan {69df2af8-24f4} finished. 13966 files scanned, 2 threats found.
2023-05-15 08:03:02.189 [WARN] Service Control Manager: The Spooler service failed to start due to access denied.
2023-05-15 08:03:02.296 [WARN] Disk: Disk 0 has been surprise removed.
2023-05-15 08:03:02.379 [ERROR] Network: Name resolution for example.com failed with error 0x81867A2E.
2023-05-15 08:03:02.433 [INFO] Firewall: Allowed connection for outlook.exe on port 29157 from 192.168.26.98.
2023-05-15 08:03:02.591 [INFO] Security: Successful login for user user01 from workstation DESKTOP-A1B2 ip=192.168.246.196.
2023-05-15 08:03:02.605 [ERROR] Disk: The device, \Device\Harddisk2\DR2, has a bad block.
2023-05-15 08:03:02.762 [INFO] Application: notepad.exe started process id=68249 command line=--service.
2023-05-15 08:03:02.874 [WARN] Power-Troubleshooter: The system has resumed from sleep after 180 seconds.
2023-05-15 08:03:02.986 [INFO] Firewall: Allowed connection for notepad.exe on port 10866 from 192.168.60.222.
2023-05-15 08:03:03.051 [ERROR] Service Control Manager: The Themes service terminated unexpectedly with error 0x8A380ABB.
2023-05-15 08:03:03.166 [ERROR] Application Hang: svchost.exe stopped interacting with Windows and was closed. Process id=53424
2023-05-15 08:03:03.200 [INFO] Application: outlook.exe started process id=9393 command line=-start.
2023-05-15 08:03:03.340 [INFO] Application: chrome.exe started process id=43808 command line=.
2023-05-15 08:03:03.487 [INFO] Firewall: Allowed connection for explorer.exe on port 5195 from 192.168.138.32.
2023-05-15 08:03:03.596 [ERROR] Application Error: Faulting application name: outlook.exe, version: 3.5.6.5961, time stamp: 0x367c67af
2023-05-15 08:03:03.692 [ERROR] Network: Name resolution for ad.corp.local failed with error 0x852419EB.
2023-05-15 08:03:03.705 [INFO] System: Driver disk.sys loaded successfully.
2023-05-15 08:03:03.814 [INFO] Service Control Manager: The DHCP Client service entered the stopped state.
2023-05-15 08:03:03.928 [WARN] Service Control Manager: The DHCP Client service failed to start due to timeout.
2023-05-15 08:03:04.048 [WARN] Disk: Disk 3 has been surprise removed.
2023-05-15 08:03:04.173 [INFO] Application: svchost.exe started process id=55149 command line=--service.
2023-05-15 08:03:04.231 [WARN] Service Control Manager: The DHCP Client service failed to start due to file not found.
2023-05-15 08:03:04.395 [WARN] Power-Troubleshooter: The system has resumed from sleep after 161 seconds.
2023-05-15 08:03:04.481 [WARN] TCP/IP: A duplicate IP address 192.168.221.93 was detected on the network.
2023-05-15 08:03:04.526 [INFO] Security: Successful login for user NETWORK SERVICE from workstation WS-001 ip=192.168.75.253.
2023-05-15 08:03:04.604 [WARN] Disk: Disk 2 has been surprise removed.
2023-05-15 08:03:04.788 [WARN] Service Control Manager: The Windows Update service failed to start due to access denied.
2023-05-15 08:03:04.809 [WARN] Power-Troubleshooter: The system has resumed from sleep after 96 seconds.
2023-05-15 08:03:04.955 [WARN] Disk: Disk 1 has been surprise removed.
2023-05-15 08:03:05.025 [INFO] Firewall: Allowed connection for svchost.exe on port 64808 from 192.168.181.18.
2023-05-15 08:03:05.193 [WARN] Power-Troubleshooter: The system has resumed from sleep after 280 seconds.
2023-05-15 08:03:05.219 [ERROR] Security: Audit failure for object C:\\secret.doc by user LOCAL SERVICE sid=S-1-5-21-548245693-755092967-11409800-6624.
2023-05-15 08:03:05.332 [WARN] Windows Defender Antivirus: Real-time protection encountered error 0x87AED817 for file C:\\Program Files\\App.
2023-05-15 08:03:05.445 [INFO] Firewall: Allowed connection for notepad.exe on port 57197 from 192.168.189.27.
2023-05-15 08:03:05.502 [WARN] Disk: Disk 1 has been surprise removed.
2023-05-15 08:03:05.675 [ERROR] Application Error: Faulting application name: msedge.exe, version: 16.2.5.2897, time stamp: 0x82df95ff
2023-05-15 08:03:05.739 [INFO] Windows Defender Antivirus: Scan {8d211ec7-5c10} started on C:\\Users\\Admin.
2023-05-15 08:03:05.820 [ERROR] Security: Audit failure for object \\\\share\\file.txt by user user02 sid=S-1-5-21-110208671-464534603-80847877-9095.
2023-05-15 08:03:05.969 [INFO] Network: Interface {b9671388-0000-0000-0000-57fef87d7a9a} connected. IP=192.168.51.184 gateway=192.168.1.1.
2023-05-15 08:03:06.039 [INFO] Firewall: Allowed connection for chrome.exe on port 39778 from 192.168.26.98.
2023-05-15 08:03:06.154 [INFO] Security: Successful login for user user01 from workstation WS-002 ip=192.168.2.195.
2023-05-15 08:03:06.276 [WARN] Service Control Manager: The DNS Client service failed to start due to dependency failure.
2023-05-15 08:03:06.382 [WARN] Disk: Disk 2 has been surprise removed.
2023-05-15 08:03:06.451 [ERROR] Network: Name resolution for example.com failed with error 0x8E69AF78.
2023-05-15 08:03:06.561 [ERROR] Network: Name resolution for update.microsoft.com failed with error 0x89934C4E.
2023-05-15 08:03:06.682 [WARN] Disk: Disk 3 has been surprise removed.
2023-05-15 08:03:06.741 [ERROR] Service Control Manager: The Spooler service terminated unexpectedly with error 0x8E27CE22.
2023-05-15 08:03:06.863 [INFO] Application: msedge.exe started process id=95117 command line=.
2023-05-15 08:03:06.955 [INFO] Windows Defender Antivirus: Scan {86bee87c-34a8} started on C:\\Users\\Admin.
2023-05-15 08:03:07.078 [INFO] Application: explorer.exe started process id=60574 command line=.
2023-05-15 08:03:07.114 [ERROR] Service Control Manager: The DHCP Client service terminated unexpectedly with error 0x82543357.
2023-05-15 08:03:07.273 [INFO] Security: Successful login for user SYSTEM from workstation DESKTOP-A1B2 ip=192.168.167.180.
2023-05-15 08:03:07.326 [ERROR] Disk: The device, \Device\Harddisk3\DR3, has a bad block.
2023-05-15 08:03:07.488 [ERROR] Application Error: Faulting application name: chrome.exe, version: 14.9.6.5114, time stamp: 0xaf8a8460
2023-05-15 08:03:07.523 [INFO] Service Control Manager: The DHCP Client service entered the stopped state.
2023-05-15 08:03:07.697 [INFO] Network: Interface {45d9731d-0000-0000-0000-b648a4ed87f1} connected. IP=192.168.159.227 gateway=192.168.1.1.
2023-05-15 08:03:07.747 [WARN] Disk: Disk 2 has been surprise removed.
2023-05-15 08:03:07.836 [ERROR] Application Error: Faulting application name: explorer.exe, version: 12.0.5.9943, time stamp: 0xbfd66de4
2023-05-15 08:03:07.922 [INFO] Windows Defender Antivirus: Scan {d99dcf24-7e92} finished. 11556 files scanned, 5 threats found.
2023-05-15 08:03:08.016 [INFO] Firewall: Allowed connection for svchost.exe on port 1793 from 192.168.23.152.
2023-05-15 08:03:08.103 [INFO] Windows Defender Antivirus: Scan {45ef7ab1-e6f6} started on C:\\Windows\\System32.
2023-05-15 08:03:08.214 [INFO] Security: Successful login for user user01 from workstation DESKTOP-A1B2 ip=192.168.2.195.
2023-05-15 08:03:08.395 [ERROR] Security: Audit failure for object \\\\share\\file.txt by user NETWORK SERVICE sid=S-1-5-21-103448625-561508244-26835130-3490.
2023-05-15 08:03:08.438 [ERROR] Network: Name resolution for update.microsoft.com failed with error 0x84606C97.
2023-05-15 08:03:08.507 [ERROR] Application Hang: chrome.exe stopped interacting with Windows and was closed. Process id=15850
2023-05-15 08:03:08.617 [INFO] EventLog: The Kernel-Power service reported: configuration changed.
2023-05-15 08:03:08.781 [WARN] TCP/IP: A duplicate IP address 192.168.181.18 was detected on the network.
2023-05-15 08:03:08.837 [WARN] Disk: Disk 1 has been surprise removed.
2023-05-15 08:03:08.938 [INFO] System: Driver ntfs.sys loaded successfully.
2023-05-15 08:03:09.081 [INFO] Service Control Manager: The WinDefend service entered the paused state.
2023-05-15 08:03:09.122 [ERROR] Disk: The device, \Device\Harddisk2\DR2, has a bad block.
2023-05-15 08:03:09.212 [INFO] Windows Defender Antivirus: Scan {430c4f64-9678} started on C:\\Users\\Admin.
2023-05-15 08:03:09.336 [ERROR] Security: Audit failure for object C:\\secret.doc by user user01 sid=S-1-5-21-987744701-254883557-49753812-1625.
2023-05-15 08:03:09.454 [WARN] Power-Troubleshooter: The system has resumed from sleep after 59 seconds.
2023-05-15 08:03:09.536 [WARN] Power-Troubleshooter: The system has resumed from sleep after 192 seconds.
2023-05-15 08:03:09.687 [INFO] Firewall: Allowed connection for explorer.exe on port 34843 from 192.168.58.36.
2023-05-15 08:03:09.741 [WARN] Disk: Disk 1 has been surprise removed.
2023-05-15 08:03:09.898 [WARN] Disk: Disk 1 has been surprise removed.
2023-05-15 08:03:09.926 [INFO] Application: outlook.exe started process id=33071 command line=.
2023-05-15 08:03:10.033 [WARN] Service Control Manager: The WSearch service failed to start due to invalid parameter.
2023-05-15 08:03:10.102 [ERROR] Application Error: Faulting application name: svchost.exe, version: 14.7.7.7007, time stamp: 0x4b0d33e1
2023-05-15 08:03:10.247 [ERROR] Application Error: Faulting application name: chrome.exe, version: 5.0.7.9785, time stamp: 0x1313d6a0
2023-05-15 08:03:10.369 [WARN] Power-Troubleshooter: The system has resumed from sleep after 167 seconds.
2023-05-15 08:03:10.459 [ERROR] Security: Audit failure for object C:\\secret.doc by user admin sid=S-1-5-21-709752677-693625037-45146796-1905.
2023-05-15 08:03:10.551 [INFO] Security: Successful login for user LOCAL SERVICE from workstation DESKTOP-A1B2 ip=192.168.155.68.
2023-05-15 08:03:10.632 [WARN] Windows Defender Antivirus: Real-time protection encountered error 0x8379BB0A for file C:\\Windows\\System32.
2023-05-15 08:03:10.707 [INFO] EventLog: The User32 service reported: resource unavailable.
2023-05-15 08:03:10.807 [INFO] Firewall: Allowed connection for svchost.exe on port 40837 from 192.168.138.32.
2023-05-15 08:03:10.973 [ERROR] Application Hang: chrome.exe stopped interacting with Windows and was closed. Process id=14172
2023-05-15 08:03:11.089 [ERROR] Application Error: Faulting application name: msedge.exe, version: 4.0.4.2184, time stamp: 0x448ad2ff
2023-05-15 08:03:11.174 [INFO] Firewall: Allowed connection for notepad.exe on port 20713 from 192.168.208.223.
2023-05-15 08:03:11.223 [ERROR] Application Error: Faulting application name: chrome.exe, version: 5.7.3.4440, time stamp: 0x1e47124b
2023-05-15 08:03:11.364 [WARN] Windows Defender Antivirus: Real-time protection encountered error 0x8083AE54 for file C:\\Windows\\System32.
2023-05-15 08:03:11.450 [ERROR] Application Error: Faulting application name: notepad.exe, version: 2.2.7.8406, time stamp: 0x7cd63361
2023-05-15 08:03:11.568 [INFO] EventLog: The User32 service reported: resource unavailable.
2023-05-15 08:03:11.665 [ERROR] Security: Audit failure for object \\\\share\\file.txt by user user02 sid=S-1-5-21-515525328-716043653-16751287-6012.
2023-05-15 08:03:11.764 [ERROR] Security: Audit failure for object C:\\secret.doc by user user01 sid=S-1-5-21-301139763-100956335-76712305-8617.
2023-05-15 08:03:11.897 [INFO] Windows Defender Antivirus: Scan {151e04ee-39ac} finished. 27203 files scanned, 1 threats found.
2023-05-15 08:03:11.962 [INFO] Windows Defender Antivirus: Scan {8c790ae4-5677} finished. 18074 files scanned, 0 threats found.
2023-05-15 08:03:12.051 [INFO] System: Driver netio.sys loaded successfully.
2023-05-15 08:03:12.195 [INFO] Windows Defender Antivirus: Scan {6d59b2a3-e2fc} finished. 11213 files scanned, 1 threats found.
2023-05-15 08:03:12.220 [INFO] EventLog: The LSASRV service reported: operation completed.
2023-05-15 08:03:12.300 [WARN] TCP/IP: A duplicate IP address 192.168.213.161 was detected on the network.
2023-05-15 08:03:12.423 [WARN] Windows Defender Antivirus: Real-time protection encountered error 0x88D949DD for file C:\\Program Files\\App.
2023-05-15 08:03:12.549 [WARN] TCP/IP: A duplicate IP address 192.168.58.36 was detected on the network.
2023-05-15 08:03:12.613 [INFO] Service Control Manager: The Themes service entered the stopped state.
2023-05-15 08:03:12.741 [INFO] Security: Successful login for user SYSTEM from workstation LAPTOP-XYZ ip=192.168.213.161.
2023-05-15 08:03:12.838 [ERROR] Security: Audit failure for object \\\\share\\file.txt by user SYSTEM sid=S-1-5-21-949900945-238279075-77420947-1431.
2023-05-15 08:03:12.975 [ERROR] Application Error: Faulting application name: explorer.exe, version: 18.9.5.6342, time stamp: 0xc0867987
2023-05-15 08:03:13.074 [INFO] Service Control Manager: The DNS Client service entered the paused state.
2023-05-15 08:03:13.146 [ERROR] Security: Audit failure for object \\\\share\\file.txt by user admin sid=S-1-5-21-566541659-805575479-89118291-2548.
2023-05-15 08:03:13.298 [INFO] Application: explorer.exe started process id=38059 command line=.
2023-05-15 08:03:13.391 [WARN] TCP/IP: A duplicate IP address 192.168.40.56 was detected on the network.
2023-05-15 08:03:13.459 [INFO] Security: Successful login for user guest from workstation WS-003 ip=192.168.8.24.
2023-05-15 08:03:13.598 [ERROR] Service Control Manager: The Themes service terminated unexpectedly with error 0x8CE2F782.
2023-05-15 08:03:13.627 [ERROR] Service Control Manager: The WinDefend service terminated unexpectedly with error 0x8E1E325F.
2023-05-15 08:03:13.764 [WARN] Disk: Disk 1 has been surprise removed.
2023-05-15 08:03:13.862 [INFO] Windows Defender Antivirus: Scan {1b705e63-7e37} finished. 73019 files scanned, 5 threats found.
2023-05-15 08:03:13.934 [INFO] EventLog: The LSASRV service reported: configuration changed.
2023-05-15 08:03:14.018 [INFO] Security: Successful login for user NETWORK SERVICE from workstation DESKTOP-A1B2 ip=192.168.26.98.
2023-05-15 08:03:14.112 [INFO] System: Driver disk.sys loaded successfully.
2023-05-15 08:03:14.248 [INFO] System: Driver tcpip.sys loaded successfully.
2023-05-15 08:03:14.342 [WARN] Power-Troubleshooter: The system has resumed from sleep after 21 seconds.
2023-05-15 08:03:14.497 [INFO] Windows Defender Antivirus: Scan {4970bb0e-e852} finished. 89167 files scanned, 0 threats found.
2023-05-15 08:03:14.591 [ERROR] Disk: The device, \Device\Harddisk0\DR0, has a bad block.
2023-05-15 08:03:14.607 [WARN] Windows Defender Antivirus: Real-time protection encountered error 0x82613A5D for file C:\\Users\\Admin.
2023-05-15 08:03:14.723 [WARN] Service Control Manager: The BITS service failed to start due to access denied.
2023-05-15 08:03:14.860 [WARN] TCP/IP: A duplicate IP address 192.168.21.219 was detected on the network.
2023-05-15 08:03:14.966 [INFO] Network: Interface {98d50e58-0000-0000-0000-136534dbbf07} connected. IP=192.168.7.190 gateway=10.0.0.1.
2023-05-15 08:03:15.094 [ERROR] Network: Name resolution for example.com failed with error 0x8CC592C2.
2023-05-15 08:03:15.128 [ERROR] Application Error: Faulting application name: svchost.exe, version: 8.1.7.4278, time stamp: 0x50116273
2023-05-15 08:03:15.201 [INFO] Firewall: Allowed connection for outlook.exe on port 41590 from 192.168.189.27.
2023-05-15 08:03:15.372 [ERROR] Disk: The device, \Device\Harddisk2\DR2, has a bad block.
2023-05-15 08:03:15.488 [ERROR] Application Hang: svchost.exe stopped interacting with Windows and was closed. Process id=3476
2023-05-15 08:03:15.542 [WARN] Power-Troubleshooter: The system has resumed from sleep after 250 seconds.
2023-05-15 08:03:15.615 [ERROR] Network: Name resolution for update.microsoft.com failed with error 0x8F277751.
2023-05-15 08:03:15.776 [ERROR] Security: Audit failure for object HKLM\\Software\\App by user user02 sid=S-1-5-21-895833669-498324141-45751943-6017.
2023-05-15 08:03:15.893 [ERROR] Service Control Manager: The DNS Client service terminated unexpectedly with error 0x8AED1BD0.
2023-05-15 08:03:15.908 [INFO] Windows Defender Antivirus: Scan {e24ba9a9-7dfb} started on C:\\Windows\\System32.
2023-05-15 08:03:16.078 [WARN] Windows Defender Antivirus: Real-time protection encountered error 0x8238804E for file C:\\Program Files\\App.
2023-05-15 08:03:16.151 [INFO] Service Control Manager: The Themes service entered the stop pending state.
2023-05-15 08:03:16.206 [INFO] Firewall: Allowed connection for outlook.exe on port 18720 from 192.168.246.196.
2023-05-15 08:03:16.319 [ERROR] Application Hang: chrome.exe stopped interacting with Windows and was closed. Process id=91475
2023-05-15 08:03:16.451 [ERROR] Disk: The device, \Device\Harddisk2\DR2, has a bad block.
2023-05-15 08:03:16.503 [WARN] TCP/IP: A duplicate IP address 192.168.246.196 was detected on the network.
2023-05-15 08:03:16.627 [INFO] Windows Defender Antivirus: Scan {8b93e3f8-7e32} finished. 77901 files scanned, 5 threats found.
2023-05-15 08:03:16.743 [WARN] Disk: Disk 3 has been surprise removed.
2023-05-15 08:03:16.889 [INFO] EventLog: The User32 service reported: resource unavailable.
2023-05-15 08:03:16.906 [ERROR] Application Hang: explorer.exe stopped interacting with Windows and was closed. Process id=93602
2023-05-15 08:03:17.038 [WARN] Service Control Manager: The BITS service failed to start due to access denied.
2023-05-15 08:03:17.124 [ERROR] Service Control Manager: The Windows Update service terminated unexpectedly with error 0x81470F47.
2023-05-15 08:03:17.284 [INFO] Windows Defender Antivirus: Scan {c2b3eef2-37d0} finished. 94265 files scanned, 0 threats found.
2023-05-15 08:03:17.336 [ERROR] Security: Audit failure for object HKLM\\Software\\App by user user01 sid=S-1-5-21-767509044-654763198-90708753-9538.
2023-05-15 08:03:17.407 [INFO] System: Driver volmgr.sys loaded successfully.
2023-05-15 08:03:17.505 [INFO] EventLog: The User32 service reported: configuration changed.
2023-05-15 08:03:17.628 [INFO] Windows Defender Antivirus: Scan {f4becbea-5689} started on C:\\Windows\\System32.
2023-05-15 08:03:17.738 [INFO] Firewall: Allowed connection for chrome.exe on port 11122 from 192.168.7.190.
2023-05-15 08:03:17.895 [INFO] EventLog: The Kernel-Power service reported: operation completed.
2023-05-15 08:03:17.907 [ERROR] Service Control Manager: The BITS service terminated unexpectedly with error 0x852B2142.
2023-05-15 08:03:18.093 [WARN] Disk: Disk 0 has been surprise removed.
2023-05-15 08:03:18.135 [ERROR] Disk: The device, \Device\Harddisk2\DR2, has a bad block.
2023-05-15 08:03:18.294 [ERROR] Application Hang: explorer.exe stopped interacting with Windows and was closed. Process id=50033
2023-05-15 08:03:18.337 [ERROR] Service Control Manager: The BITS service terminated unexpectedly with error 0x8916BC39.
2023-05-15 08:03:18.463 [INFO] EventLog: The User32 service reported: resource unavailable.
2023-05-15 08:03:18.559 [INFO] Service Control Manager: The WinDefend service entered the stop pending state.
2023-05-15 08:03:18.657 [ERROR] Network: Name resolution for update.microsoft.com failed with error 0x81C7A1E3.
2023-05-15 08:03:18.718 [WARN] Service Control Manager: The WinDefend service failed to start due to timeout.
2023-05-15 08:03:18.800 [INFO] Network: Interface {f6f6c747-0000-0000-0000-cb004ba57fed} connected. IP=192.168.23.152 gateway=192.168.0.1.
2023-05-15 08:03:18.917 [ERROR] Service Control Manager: The Themes service terminated unexpectedly with error 0x882C6E20.
2023-05-15 08:03:19.071 [ERROR] Service Control Manager: The DNS Client service terminated unexpectedly with error 0x889EEDEA.
2023-05-15 08:03:19.104 [INFO] Network: Interface {bae569b4-0000-0000-0000-f4b52b0efa58} connected. IP=192.168.207.41 gateway=10.0.0.1.
2023-05-15 08:03:19.212 [ERROR] Service Control Manager: The Spooler service terminated unexpectedly with error 0x843980CA.
2023-05-15 08:03:19.310 [ERROR] Network: Name resolution for update.microsoft.com failed with error 0x8F8861AF.
2023-05-15 08:03:19.423 [INFO] Security: Successful login for user user01 from workstation WS-003 ip=192.168.60.222.
2023-05-15 08:03:19.567 [INFO] Service Control Manager: The Spooler service entered the running state.
2023-05-15 08:03:19.609 [ERROR] Disk: The device, \Device\Harddisk3\DR3, has a bad block.
2023-05-15 08:03:19.737 [INFO] System: Driver netio.sys loaded successfully.
2023-05-15 08:03:19.859 [INFO] Windows Defender Antivirus: Scan {e9ab7ab4-9040} started on C:\\Program Files\\App.
2023-05-15 08:03:19.936 [WARN] TCP/IP: A duplicate IP address 192.168.217.89 was detected on the network.
